smiles,toxicity_prob,verdict,logP,qed,SAS
C[NH+]1CCC(NC(=O)[C@H]2CCN(c3ccc(Cl)c(Cl)c3)C2=O)CC1,0.3586,SAFE,1.1396,0.79348739663,3.843395346780788
C[C@H]1C[C@H]1C(=O)N1CCN(C(=O)NCC(C)(C)[NH+]2CCCCC2)CC1,0.3622,SAFE,0.3436,0.784932442542,4.232354913280121
Cc1ccc([C@@H]2CSCCN2Cc2cc3cnn(C(C)C)c3nc2Cl)o1,0.379,SAFE,4.85712,0.569373170333,3.4634934751439337
C=CCc1ccccc1OC(C)=O,0.3227,SAFE,2.3404,0.401613492087,1.9437243653934413
C[C@@H](c1nccs1)N(C)C(=O)c1cccc(NC(=O)C2CCCC2)c1,0.4456,SAFE,4.105,0.843003143785,2.639229713379857
CCC(CC)([C@@H](O)c1ccc(OC)cc1OC)[NH+](C)C,0.2963,SAFE,1.4405,0.8032251616509999,3.788810158037937
CN(CCS(C)(=O)=O)C(=O)N[C@H](c1ccc(F)cc1)[C@@H]1CCCO1,0.3459,SAFE,1.7318,0.846747979236,3.2551167790564035
CC[C@H](COC)NC(=O)c1cc2c(C)nn(-c3ccccc3)c2s1,0.4526,SAFE,3.5502199999999995,0.726807540167,2.7375010332804184
Cc1cc(NC(=O)N2CCC[C@@H]2Cc2ccccc2Cl)no1,0.4141,SAFE,3.87542,0.903595259914,2.6770703841500723
CC(C)CCC[NH2+][C@H]1CCOC2(CCCCC2)C1,0.2943,SAFE,2.8679,0.744420673059,4.575623638836549
Cc1cc(CN(C)c2ccc(S(=O)(=O)N3CCOCC3)cc2[N+](=O)[O-])no1,0.4431,SAFE,1.54852,0.5377505909120001,2.5193973464534056
CC(C)C[C@@H]1COCCN1C(=O)NNC(=O)Cc1ccccn1,0.4604,SAFE,1.1118,0.824838001276,3.0200047373843155
Nc1cccc(CN(CCO)C2CCCCC2)[nH+]1,0.298,SAFE,1.2099,0.835393050303,3.4387633549859977
CC(C)c1ccccc1NC(=O)[C@H](C)[S@](=O)Cc1ccc(Cl)cc1Cl,0.3702,SAFE,5.3927,0.686294062562,3.0432883580961745
CC(C)C(=O)Nc1ccc(NC(=O)N[C@@H](C)C(=O)N2CCCC[C@H]2C)cc1,0.4722,SAFE,3.1921,0.7282538953309999,2.784986576481048
CCNS(=O)(=O)c1ccc(Cl)c(N)c1,0.3368,SAFE,1.2204,0.782181756368,1.983397841409392
CN(C)C(=O)N(Cc1ccc(OS(=O)(=O)c2ccc(F)cc2)cc1)C1CC1,0.4363,SAFE,3.2394,0.69688253392,2.274320348532408
COc1ccc(-c2nnc(S[C@H]3CCOC3=O)n2-c2ccccc2)cc1,0.4425,SAFE,3.3505,0.632479233156,2.6520627223263378
CC(C)n1nc(CC(=O)Nc2cccc3c2ccn3C(C)C)c2ccccc2c1=O,0.338,SAFE,4.6942,0.502968186474,2.4934976591118168
CN(CCN1CCCC1=O)Cc1cc(Cl)ccc1Br,0.3307,SAFE,3.1567,0.80686352904,2.279491614061527
CC(C)(C)Oc1cccc(-c2cc(=O)n3nccc3[nH]2)c1,0.484,SAFE,2.8669,0.780426187594,2.775157049376107
Cc1ccccc1N1C(=O)S[C@@H](Nc2cccc3ccccc23)C1=O,0.3786,SAFE,4.78622,0.706929532589,2.680500460942154
O=C(Cc1cc(F)ccc1F)Nc1ccc(NC(=O)c2ccco2)cc1,0.3488,SAFE,3.9913,0.7005765911849999,1.9199575559917277
N#C[C@H](COC(=O)[C@@H]1CCOc2ccccc21)Cc1cccs1,0.4529,SAFE,3.53988,0.769652033197,3.4824555401287274
COc1cc([C@H]2C3=C(CC(C)(C)CC3=O)Nc3nnnn32)ccc1OCc1ccc(C)cc1,0.4259,SAFE,4.22722,0.60327923938,3.230566211243828
O=S(=O)(Nc1ncn(Cc2ccc(Cl)c(Cl)c2)n1)c1ccc(Cl)cc1,0.4061,SAFE,4.0874,0.652908620292,2.162807719693125
O=C(NCCN1CCCS1(=O)=O)[C@@H]1CCC[NH+]1Cc1ccccc1,0.3631,SAFE,-0.6144,0.7474579702680001,4.334799357347679
O=Cc1ccc(-c2ccc(Cl)c(Br)c2)s1,0.3865,SAFE,4.6435,0.7056244405959999,2.4102737781445764
COCc1c(C(=O)N(C)C[C@@H]2CCC[NH+](C)C2)cnn1-c1ncc(C)c(-c2cccs2)n1,0.4252,SAFE,1.84232,0.592273234992,4.3279690249240925
Cc1ccccc1Cn1c(=O)c2c(nc3n(CCO)c(C)cn23)n(C)c1=O,0.4341,SAFE,0.80684,0.58761094987,2.598704423376484
C[C@@H](CN[C@H](C)c1nc2ccccc2n1C(F)F)[NH+](C)C1CC1,0.358,SAFE,2.1476,0.821544535768,4.360440420307056
CC(C)Cc1ccc([C@@H](C)C(=O)N[C@H](C(=O)[O-])C(C)C)cc1,0.4005,SAFE,1.8793,0.841219214376,3.153839789451117
COc1ccc2c(c1)[C@H](N[C@H](c1ccc(F)cc1)C(F)(F)F)CCO2,0.4763,SAFE,4.5511,0.7805329850339999,3.1075147317225493
COc1cccc(C(=O)NC2CCN(C(=S)Nc3cc(C)ccc3C)CC2)c1,0.4882,SAFE,3.90324,0.741285371514,2.039491478450394
C[C@@H](Cn1cccn1)OC(=O)CCc1cc(F)ccc1F,0.4707,SAFE,2.7258,0.765679892152,2.8419652050412285
Cc1ccc(NC(=O)[C@H]2CCCN(S(=O)(=O)c3ccccc3)C2)c(OCc2ccccc2)c1,0.3426,SAFE,4.61342,0.5294251811399999,2.44980176813934
CCC[NH2+][C@H]1CCOC[C@@H]1SC[C@@H](C)CO,0.2984,SAFE,0.4789,0.702833832781,5.074477694110126
CC(C)N[C@H](C#N)CSC[C@H](O)CO,0.2957,SAFE,-0.03702,0.575436406641,3.817979038173002
COC(=O)[C@H](C)CNC(=O)C1(O)CCCC1,0.2994,SAFE,0.2168,0.6926760359999999,3.0141603119206426
COC[C@H](NC(=O)c1cnn(Cc2ccccc2)c1)C(N)=O,0.4437,SAFE,0.1615,0.78034769963,2.563764393366661
C[C@H](Cc1cccs1)N(C)C(=O)NCC1CC1,0.2964,SAFE,2.7305,0.854058754867,2.8358613057877378
CC[C@@H]([NH2+][C@@H](C)c1nc2cc(Cl)ccc2n1C)C(=O)N1CCOCC1,0.4518,SAFE,1.4885,0.88118442035,3.8788127537005694
Cc1ccc(C(=O)Nc2ccc(N3CCCC3=O)cc2)cc1[N+](=O)[O-],0.4894,SAFE,3.28232,0.67160956835,1.9375189284843335
CC1(C)C[C@@H]2C[C@@](C)(CN2c2ncnc(NNC(=O)c3ccncc3)c2N)C1,0.4747,SAFE,2.6157,0.696413449368,4.249638361043111
O=S(=O)(c1ccc(S(=O)(=O)N2CCC[NH+](Cc3ccc(F)cc3)CC2)cc1)N1CCCC1,0.3741,SAFE,1.0897,0.67758379973,3.4747750415486003
C[NH+]1CCC(CNC(=O)CC2CN(C(=O)OC(C)(C)C)C2)CC1,0.2927,SAFE,0.2843,0.798587406146,3.4760253809142805
CCS(=O)(=O)N[C@@H](c1ccccc1)[C@@H](C)C(=O)OC,0.366,SAFE,1.4761,0.811396874188,2.923343531507399
CN(Cc1ccc(Cl)nc1)C(=O)[C@@H]1C[C@H]2CC[C@@H]1O2,0.3447,SAFE,2.2609,0.7995535121089999,4.262317848308409
O=c1c2cc(Cl)c(Br)cc2ncn1C[C@@H](O)CNc1ccc(Cl)cc1,0.4077,SAFE,3.9388,0.6062609498179999,2.824481779623474
CC[C@H](C)n1cnc2sc(C(C)=O)c(C)c2c1=O,0.3725,SAFE,2.94002,0.793555135369,2.949713689218965
COc1ccc(C)cc1NC(=O)CN1CCC(=O)Nc2cc(F)ccc21,0.4965,SAFE,2.9300200000000003,0.8748304574619999,2.18340757165544
Cc1ccc(NC(=O)NC[C@H](O)c2ccc(C)o2)cc1,0.494,SAFE,2.7515400000000003,0.7978490500550001,2.45763644872838
COc1ccc(C)cc1NC(=O)[C@H]1CCCN1c1cc(C)ccc1[N+](=O)[O-],0.4612,SAFE,3.82774,0.6196387381490001,2.5975607250650725
O=C(Cn1cnc(S(=O)(=O)N2CCCC2)c1)Nc1cccc2c1CCCC2,0.4267,SAFE,2.1851,0.8535177584379999,2.4762596896486717
COc1ccc(C2=CC[NH+]([C@H](C)c3nnc(C)o3)CC2)cc1,0.4403,SAFE,1.81982,0.942043055147,4.195675863721674
N#Cc1cccc(S(=O)(=O)NC[C@H](C2=c3ccccc3=[NH+]C2)[C@H]2CC=CS2)c1,0.3294,SAFE,0.03668,0.724013835465,4.548691675129205
C[NH+]1CCN(Cc2ccc(OC3CCCC3)cc2)C[C@@H]1CCO,0.3192,SAFE,1.0893,0.835062051012,3.900491590645375
N#C/C(=C\c1cc(Br)cs1)C(=O)Nc1cc2c(cc1[N+](=O)[O-])OCCO2,0.4815,SAFE,3.73568,0.328426222829,2.7728117866185613
COC(=O)c1ccc(-c2ccc(/C=N\Nc3ccc([N+](=O)[O-])cn3)o2)cc1,0.3451,SAFE,3.4824,0.299995248671,2.3492426451547037
N#Cc1csc(C(=O)N2CCC[C@H]2C(=O)Nc2nccs2)c1,0.4763,SAFE,2.31958,0.935657927148,3.0168000544797424
C[C@@H](NC(=O)[C@@H]1CSCN1C(=O)CC(C)(C)C)c1ccccn1,0.3484,SAFE,2.5965,0.916101617078,3.2665076641241337
Cc1ccc([C@H]2CC(=O)Nc3c2cnn3-c2ccc(C)cc2)cc1,0.3586,SAFE,3.96324,0.7505891202959999,2.823690389959543
C[NH+](CCOc1ccccc1)CC(=O)N1CCN(S(C)(=O)=O)CC1,0.3623,SAFE,-1.3161,0.6953126990549999,3.409752407630388
FC(F)SCc1ccc(CN2CC[C@H]3[C@H](CCC[NH+]3C3CC3)C2)o1,0.4049,SAFE,2.767,0.840946557684,4.7963172066983
CC[NH+]1CCN(CCOc2ccc(CC#N)cc2)CC1,0.303,SAFE,0.35188,0.8320061703300001,3.380455052685868
Cc1ccsc1[C@](C)(O)[C@]1(C#N)CCCc2ccccc21,0.2862,SAFE,4.0619,0.8747319798790001,3.844654014841925
CCC[NH2+][C@@H](CC)c1nnc(C[C@@H]2CCCCO2)s1,0.2954,SAFE,2.0742,0.837370529892,4.459602289220274
N#Cc1ccccc1CSc1nnnn1-c1ccc(O)cc1,0.4551,SAFE,2.53188,0.743881096927,2.185574559109833
C[C@H]1C=[N+]2C(=N)/C(=C/c3ccc(OC(=O)c4ccc(F)cc4)c(Br)c3)C(=O)N=C2S1,0.4386,SAFE,4.28287,0.290947616447,3.56981721354766
O=S(=O)(Nc1ccccc1CCC(F)(F)F)c1ccc(F)cc1,0.4122,SAFE,4.1214,0.79579017905,2.00912438835845
Cc1cc(C)c2c(CNC(=O)c3ccccc3Br)cc(=O)oc2c1,0.3892,SAFE,4.10234,0.663930681586,2.163697557147307
COC[C@H]1CCCN(C(=O)N[C@H](C)C(=O)N2CCCC[C@H]2C)C1,0.3161,SAFE,1.8439,0.86352087676,3.23142980904332
COc1cc(C(=O)N(C)Cc2ccc(Cl)s2)ccc1OCc1cscn1,0.3947,SAFE,4.7178,0.5421870058380001,2.385646745180916
COc1ccc([C@@H]2Oc3ccc(C)cc3C3=Nc4ncnn4[C@@H](c4cccs4)[C@@H]32)cc1OC,0.3545,SAFE,5.13892,0.407023587124,3.6977534372368366
CCCCN(CC)C(=O)CNC(=O)c1ccc2c(c1)OCO2,0.433,SAFE,1.7937,0.8397056940880001,2.0808427120254667
CCc1cc(N2CCC(CC(=O)NC)CC2)n2nc(C)c(C)c2n1,0.447,SAFE,2.26104,0.936491426783,2.7007113344148177
CC(C)N(C(=O)[C@@H]1CCC(=O)N1)C1CCC1,0.2981,SAFE,1.0545,0.7893896931559999,3.003521313709552
C[C@@H]1CN(C(=O)Nc2ccc(COC(C)(C)C)cc2)CCO1,0.3629,SAFE,3.2543,0.917174036767,2.605878887122508
C[C@@H]1C[C@H]1C(=O)N1CCN(C(=O)c2cccc(N3CCCNC3=O)c2)CC1,0.4168,SAFE,1.5467,0.885469851108,3.0061228003567453
CC[S@@](=O)CCN1C(=O)NC(C)(C)C1=O,0.2947,SAFE,0.0854,0.717222297686,3.3726042370605533
CCOc1ccccc1NC(=O)[C@H](C)[S@](=O)Cc1ccccc1F,0.4783,SAFE,3.5003,0.813547822532,2.8782773885961177
CC(=O)c1sc(NN=Cc2ccccc2O)nc1C,0.4962,SAFE,2.80572,0.50765526442,2.3738701336551404
CCCC(CCC)S(=O)(=O)Cc1nnc(C)n1C,0.3211,SAFE,2.00712,0.765815050061,2.7888750413765298
CN(Cc1ccc(F)cc1)C(=O)Cn1c(=S)[nH]c2ccccc2c1=O,0.3679,SAFE,2.85679,0.7253075244499999,2.106064203209609
CC(=O)Nc1ccc(C(C)=O)cc1OCc1ccc(Br)cc1,0.4778,SAFE,4.1891,0.779971588145,1.7957215917390883
CC(=O)Nc1cc(NCc2cccc3cn[nH]c23)ccc1C,0.4871,SAFE,3.44182,0.675573351527,2.2110442363076355
O=C(NCc1ccc2c(c1)OCO2)c1cn(C[C@H]2CCCO2)cc2c(=O)n(-c3ccccc3)nc1-2,0.3484,SAFE,2.9765,0.459005114202,3.0621820328871774
COC(=O)C[C@@H](NC(=O)c1cc(F)ccc1C)c1ccc(SC)cc1,0.4683,SAFE,3.89022,0.605969392833,2.5223449425475053
CC[C@H](NC(=O)NCC(=O)NCc1ccco1)c1ccc(Cl)cc1,0.4643,SAFE,2.9997,0.7106972627339999,2.5194180016062084
Cc1cc(C)c(-c2ccc([C@H](O)CN3CCOCC3)cc2)c(C)c1,0.4787,SAFE,3.64446,0.906822095189,2.523195150927476
Cc1ccc(OCC(=O)Oc2ccc(C(=O)Nc3ccccc3)cc2)cc1,0.3548,SAFE,4.23172,0.505885819062,1.652491642311395
CCOC[C@]1(O)C[C@H](C)CC(C)(C)C1,0.2738,SAFE,2.6002,0.7564301242,3.606174048568011
FC(F)(F)[C@H](Cc1ccccc1)NCC1CCN(c2cc[nH+]cc2)CC1,0.462,SAFE,3.4803,0.83171348309,3.6410599449984034
COCCCC[NH2+][C@H]1CS[C@H](C)C1,0.2942,SAFE,0.8704,0.659820829546,4.9504288469803335
Cc1ccc(C)c(S(=O)(=O)NC[C@H]2COc3ccccc3O2)c1,0.4347,SAFE,2.42174,0.933163791691,2.556693258094376
Cc1cc(NC(=O)CNC(=O)[C@@H]2CCC(=O)N2)no1,0.4781,SAFE,-0.6836800000000001,0.696767283707,2.79881877786913
CSc1ccc(Cl)cc1NCC(=O)NCc1ccco1,0.3833,SAFE,3.3832,0.787501837387,2.1846834067274687
COc1cccc(C(=O)NCC(=O)Nc2ccc(Cl)cc2)c1F,0.4832,SAFE,2.8562,0.8754073284289999,1.7889950614353722
N#Cc1cc(Cl)nc(NNC(=O)CCNc2ccccc2[N+](=O)[O-])c1,0.4804,SAFE,2.46018,0.391798764504,2.5601250823304884
CC[C@H](C)NC(=O)C[NH+]1CCc2ccc(N)cc2C1,0.3624,SAFE,0.1245,0.693143675539,4.327785194616764
O=C(C[C@H]1CC[C@@H](C(=O)[O-])C1)c1ccc(Cl)cc1,0.3188,SAFE,2.079,0.786776716478,3.170796855603755
COc1ccccc1N(C)S(=O)(=O)c1cccc2ccccc12,0.4771,SAFE,3.6735,0.7144277754180001,1.8895972877667333
O=C(NC[C@H](O)c1ccc(F)cc1)c1ccc(N2CCCC2=O)cc1,0.455,SAFE,2.4159,0.876746220902,2.3865413060125764
O=C([O-])c1cccnc1-c1ccccn1,0.4867,SAFE,0.5071,0.720409872482,2.502948861201056
CNC(=O)c1cc(NC(=O)N[C@H](c2ccccc2)C2CC2)ccc1Cl,0.4845,SAFE,3.9724,0.731021274657,2.4448657356674293
COC(=O)c1c(N)c2cc(F)ccc2n1C,0.425,SAFE,1.6862,0.752769007035,2.2693534842928766
Cc1ccc(CC(=O)Nc2nnc(-c3ccno3)o2)cc1,0.4752,SAFE,2.21422,0.79113824037,2.3635374413653345
NNC(=O)COc1ccc(-c2n[nH]c(C(F)(F)F)c2-c2ccc(Cl)cc2)c(O)c1,0.4563,SAFE,3.4902,0.276907594197,2.643744152290457
O=C(NCCC[NH+]1CCCC1)c1ccc2c(c1)NC(=O)[C@@H]1CCCCN21,0.3855,SAFE,0.7962,0.694238388186,3.878376487508525
C[C@@H]1C[C@H](c2ccccc2F)[NH+](CC(=O)N(C)CC2CC2)C1,0.3536,SAFE,1.6599,0.886399423959,4.400765564599244
C[C@@H](CCCO)NC(=O)N1CCC[C@@H]([NH+]2CCCCCC2)C1,0.3062,SAFE,0.7803,0.714182674253,4.377302237348047
Cc1cc(OCC(=O)c2ccccc2)cc2c1C(=O)/C(=C/c1cccc(F)c1)O2,0.3341,SAFE,5.01202,0.436422340111,2.337482159704729
Cc1ncc([C@@H](C)N[C@H]2CC[NH+](CC3CC3)C2)s1,0.3005,SAFE,1.16932,0.8481220438789999,5.047150074617962
Cc1ccc(/C=C/C(=O)N2CCC3(CC2)OCCO3)o1,0.3553,SAFE,1.96672,0.779740072577,3.0746875665760487
O=C(NC1CC1)C(=O)N1CCN(c2ccc(F)cc2)CC1,0.4823,SAFE,0.7529,0.8320863460860001,1.9477953805364727
Cc1nn(-c2ccc(F)c(F)c2)c2ncc3c(c12)C(=O)N(c1cccc2ccccc12)C3=O,0.3347,SAFE,4.96092,0.348631345075,2.508433025758185
COc1cccc2c1OCC/C2=N\NC(=O)COc1ccccc1C,0.5059,TOXIC,2.68542,0.846299227491,2.3178531592535645
CC(C)CCNC(=O)Cc1cn(Cc2ccc(F)cc2)c2ccccc12,0.3259,SAFE,4.5335,0.636532952996,2.0191951859293567
COc1cccc(C[NH+]2CCC[C@H](c3ncc[nH]3)C2)c1OC(F)F,0.4348,SAFE,1.9822,0.851343991911,4.403321765374433
COc1cccc(C(=O)OCc2nnc(C3CC3)n2C)c1F,0.4293,SAFE,2.1972,0.794598587846,2.335501415194324
CC[C@@H](O)C[NH+]1CCC(NC(=O)[C@H](c2ccccc2)C(C)C)CC1,0.3693,SAFE,1.3606,0.7133201327940001,4.141687262304498
COc1cc(COC(=O)[C@H]2CCCN(C(N)=O)C2)ccc1C,0.4585,SAFE,1.83752,0.866286796215,2.503519492418853
Cc1cc(NC(=O)[C@@H](C)SCC(=O)Nc2cccc(C(F)(F)F)c2)no1,0.4497,SAFE,3.70072,0.767681615246,2.696173730480528
CC[C@@H](C)NC(=O)[C@H]1CSCN1C(=O)[C@H]1SCCc2sccc21,0.3488,SAFE,2.8947,0.8781284377399999,4.028476565700125
Cc1cc(C=O)c(O)c([N+](=O)[O-])c1,0.3661,SAFE,1.42132,0.429066531056,2.3254718767056595
Cc1ccc(NC(=O)COC(=O)/C(C#N)=C/c2ccccc2)c(Br)c1,0.4641,SAFE,3.8464,0.45590808614,2.1159187087041147
Cc1ccccc1Cn1c(CNC(=O)CCc2ccccc2)nc2ccccc21,0.314,SAFE,4.64202,0.482852564382,1.9274325233311809
CO[C@@H](CNC(=O)c1ccn(C(C)C)n1)c1ccc(F)cc1,0.43,SAFE,2.7206,0.888217873124,2.766880148156556
CC[C@H](CSC)N(C)C(=O)NOc1ccccc1C(F)(F)F,0.3596,SAFE,3.7822,0.779914629755,3.426901525889688
Cc1cc2c(F)c(F)c(F)c(F)c2[nH]1,0.3693,SAFE,3.03272,0.380260461629,2.7400190472305983
O=C(CSCc1ccccc1Cl)NNC(=O)Nc1ccc2c(c1)OCO2,0.4755,SAFE,3.1548,0.669517050626,2.2128744125405837
COc1cc(C)ccc1NC(=O)NNc1nc2ccccc2s1,0.5141,TOXIC,3.76192,0.618741489572,2.0751118009458622
Cc1ccccc1CC(=O)N1CCC[C@@H]1CNC(=O)OC(C)(C)C,0.3804,SAFE,3.05322,0.911119636898,2.560857553231056
COc1ccc(-c2ccc(OCCNC(=O)c3cc4ccccc4oc3=O)nn2)cc1,0.3464,SAFE,3.0674,0.35970522077,2.239116011294705
CNc1cncc([C@@H]2CCCN2S(=O)(=O)c2cn[nH]c2)n1,0.3944,SAFE,0.7672,0.878619698749,3.417516691351528
CC(C)[NH+](C)Cc1ccccc1CNc1ncnc2[nH]cnc12,0.4308,SAFE,1.3881,0.650031181624,3.811469417319767
CCOC[C@H]([NH3+])CSCC,0.2999,SAFE,0.3865,0.629726097795,4.351741668364103
CC(=O)Nc1c(C)cc(NC(=O)c2cc(C)nc3c2c(=O)[nH]n3C)cc1C,0.4839,SAFE,2.39756,0.660462811578,2.5347948764850177
O=C1C[C@@H](c2cccc(Oc3ccccc3)c2)c2cc3c(cc2N1)OCO3,0.3649,SAFE,4.6817,0.704858524052,2.716682878911227
COc1ccc(C[NH+]2CCCN(C(=O)c3ccsc3)CC2)c2ccccc12,0.4418,SAFE,2.8409,0.748746092475,3.6493641836824056
C#CCOc1ccc(F)cc1NC(=O)N[C@H]1CCCC[C@H]1[S@](=O)CC,0.4083,SAFE,3.039,0.752146711065,3.686201114279097
C#CCN(CC#C)Cc1ccc(O)c(Cl)c1,0.3402,SAFE,2.114,0.8088503581209999,2.8024089648588215
CS(=O)(=O)CCCC(=O)NC[C@@H]1C[C@]12CCc1ccccc12,0.3435,SAFE,1.8315,0.8751692379780001,3.7285367510182033
Cc1cc(C(=O)COC(=O)c2cc(Cl)c3c(c2)OCCCO3)c(C)n1C1CC1,0.4384,SAFE,4.29424,0.527218400636,2.4946377221774565
CCN(CC(C)C)C(=O)[C@H]1CCO[C@@H]1C,0.2947,SAFE,1.9159,0.7179845217190001,3.4029356253388343
O=C(CN(C1CCCCC1)S(=O)(=O)c1ccc(Cl)cc1)N1CCN(c2ccccc2F)CC1,0.459,SAFE,4.1513,0.58279265328,2.2781243514537657
CCCC[NH2+][C@@H](C)[C@@H]1COc2ccccc2O1,0.2962,SAFE,1.5784,0.794842673621,3.985079370950042
CCCN1CC(=O)N2[C@@H](Cc3c([nH]c4ccccc34)[C@H]2c2ccc(Cl)cc2)C1=O,0.3939,SAFE,3.9162,0.6912624384360001,3.150209086999608
CN(C)c1ccc(NC(=O)CN2CCN(C(=O)Cc3ccccc3F)CC2)cc1,0.4718,SAFE,2.2171,0.813006405054,1.981933964673196
C[C@@H](CC(=O)c1ccccc1)NC(=O)c1ccccc1O,0.4652,SAFE,2.7835,0.824203703631,2.250011619643576
C[C@H]1C[C@H]([NH2+]Cc2ccn(-c3ccccc3)n2)CN1c1ccccc1,0.3283,SAFE,2.6031,0.7770864538210001,3.737049896557713
CCC1CCC(C(=O)c2cscc2C)CC1,0.3007,SAFE,4.45562,0.677683457812,2.5551053984252565
Cc1nc(CCCO/N=C/c2ccc(F)cc2)cs1,0.4058,SAFE,3.57392,0.448459237187,2.3716458666014404
CCOC(=O)C1CCN(C(=O)[C@@H]2CCCc3sc(NC(=O)c4ccc5c(c4)OCO5)nc32)CC1,0.4213,SAFE,3.3457,0.635453636657,3.0376659529813086
COc1ccc(C[NH+]2CCN(c3cc(Cl)ncn3)CC2)c(Cl)c1,0.39,SAFE,1.6971,0.855953954331,3.5033719408060016
Cc1nn(C)cc1[C@@H](C)NC(=O)[C@@H]1C[C@@H]2CCCC[C@@H]2N1C(=O)OC(C)(C)C,0.3783,SAFE,3.47392,0.838562115231,3.6765484008688105
Cc1ccc(OCC(=O)NNC(=O)c2ccc(NC(=O)C(C)C)cc2)cc1,0.4881,SAFE,2.42952,0.681437166482,1.8159518079918675
C=C(C)COc1ccc(-c2[nH]ncc2-c2ccc(OC)c(OC)c2)c(O)c1,0.481,SAFE,4.4214,0.5794493783829999,2.4407111845100857
COc1ccc(OCC(=O)N[C@@H](C)c2ccc(F)c(F)c2)cc1,0.4797,SAFE,3.2296,0.874548385681,2.179024334277809
CC(C)Oc1ccc(CNC(=O)NCc2ccc3c(c2)OCO3)cc1F,0.4473,SAFE,3.341,0.8137754937289999,2.11438000921418
CCNc1nc(C)c(C(=O)N2CC[NH2+][C@H](C(=O)[O-])C2)s1,0.3897,SAFE,-1.97898,0.7122981425,4.311013551625482
CC[C@@H](NC(=O)C[C@H]1C=CCC1)c1nc(C(F)(F)F)cs1,0.3519,SAFE,4.0855,0.8001455384939999,3.570844137577166
CCn1nc(C(=O)O[C@@H](C)c2nc3ccccc3c(=O)[nH]2)c2ccccc2c1=O,0.3393,SAFE,2.5709,0.535641939837,2.841647729776419
CS[C@H]1CC[C@@H](NC(=O)c2ccc(-n3cncn3)c(F)c2)C1,0.3977,SAFE,2.4203,0.939742886157,3.2572692703150805
C[C@@H](Sc1nnc(-c2ccc(Cl)cc2)n1C[C@H]1CCCO1)C(=O)N(C)C,0.3586,SAFE,3.3463,0.689941019058,3.0162205629111174
CC(C)COCCC(=O)NC1(C(N)=O)CCCCC1,0.3044,SAFE,1.3535,0.6926392421940001,2.499849535240493
C[C@H]1CCCCC[C@H]1NC(=O)c1c(F)ccc(N)c1F,0.3806,SAFE,3.2456,0.635638418644,2.9522129173109697
CCCC(=O)N1CCC[C@@H](c2nc3c(c(=O)[nH]2)C[NH+](C)CC3)C1,0.364,SAFE,-0.1532,0.8396633744859999,4.289256776550172
COCc1cccc(CNC(=O)Cn2ccccc2=O)c1,0.4584,SAFE,1.3111,0.880549733999,1.947927466586016
O=C(NCc1ccccc1F)c1ccc(CN2C(=O)CCC2=O)cc1,0.3572,SAFE,2.4047,0.8503979003859999,1.8931710628288627
Cc1[nH]ncc1CCCNc1ccc(Br)cc1[N+](=O)[O-],0.4091,SAFE,3.43352,0.469755118176,2.366289421765064
CC(C)(C)NC(=O)N1CCC(CNC(=O)c2cccc(Br)c2)CC1,0.3634,SAFE,3.399,0.806561178791,2.1161698669270823
COc1ccc(C[NH2+]Cc2ncn(C)n2)cc1SC,0.3668,SAFE,0.8092,0.807964394698,3.671815610191184
C[C@@H](c1ccc(-n2cncn2)cc1)N(C)C(=O)NCCCn1ccc2ccccc21,0.3125,SAFE,4.0147,0.458051832519,2.890151639466568
Cc1csc(Cn2c3c(sc2=O)C[C@@H](C)CC3)n1,0.3535,SAFE,2.84782,0.841481358539,3.30686419826874
O=c1c(=O)n(-c2ccc(Br)cc2)ccn1Cc1ccccc1Cl,0.369,SAFE,3.4634,0.628019515839,2.1323480569975017
CCc1cnc(CSc2nnnn2C2CCCC2)o1,0.3416,SAFE,2.6309,0.781027841164,2.669884108359682
C=C(C)COc1ccc(C(=O)Nc2cccc(N(C)C(C)=O)c2)cc1,0.4822,SAFE,3.8765,0.787098922905,2.0469830087518943
C[C@H](NC(=O)CN1C(=O)[C@H]2CCCC[C@@H]2C1=O)c1ccccc1,0.4657,SAFE,2.039,0.869002201645,2.8587279266468717
COc1ccc(C)c2sc(NC(=O)c3cccc(NS(=O)(=O)c4ccccc4)c3)nc12,0.3399,SAFE,4.66642,0.422689921278,2.1192738084975016
Cc1ccc(C(=O)N(C)Cc2ccncc2)c(F)c1,0.4994,SAFE,2.80132,0.842442076391,1.9000991612313385
CN(C)c1ccc(/C=C2\N=C(c3cccc([N+](=O)[O-])c3)OC2=O)cc1,0.3493,SAFE,3.0053,0.366574400524,2.3220820054074114
CO[C@H](CNCc1cn(C)nc1-c1cccc(Cl)c1)c1cccs1,0.3834,SAFE,4.2793,0.654387964709,2.9821726642070363
Cn1c(SCC(=O)N[C@@H](c2ccccc2)C2CC2)nnc1C1CC1,0.3711,SAFE,3.0521,0.7767796871889999,2.6903060106559837
CS(=O)(=O)c1ccccc1C(=O)Nc1ccc(Cc2nc3ccccc3s2)cc1,0.3219,SAFE,4.5429,0.4896737396100001,2.053747776016128
Cn1nc2c(cc1=O)CN(C(=O)CCSc1ccccc1Cl)CC2,0.4147,SAFE,2.5008,0.7821613841220001,2.533517871863321
Cc1cccc(N2C(=O)C[C@@H](N(O)c3ccccc3)C2=O)c1C,0.4997,SAFE,2.83114,0.69451830118,2.736264959277808
O=C([O-])c1cc(F)ccc1OCc1ccc2c(c1)OCO2,0.5093,TOXIC,1.4969,0.861100099426,2.3681605435090933
O=C(NC[C@@H]1CN(c2cccc(Cl)c2)C(=O)O1)c1ccccc1S(=O)(=O)C(F)F,0.4307,SAFE,3.0915,0.729548313375,2.8586174155175077
O=C([C@@H]1CCCN1S(=O)(=O)c1cccs1)N1CCC(COCc2ccccc2)CC1,0.3675,SAFE,3.3566,0.639254323737,2.75978134768938
Cc1ccc(C(=O)N[C@@H]2[C@H]3CCC[C@H]3[C@H]2c2ccccc2)cn1,0.5256,TOXIC,3.70212,0.913033175955,3.3237241877031547
C[C@@H](c1ccncc1)N(C)C(=O)NC[C@@H](C)C[NH+]1CCN(C)CC1,0.3627,SAFE,0.2504,0.803080229895,4.3720500636822255
COc1cccc(-c2nc(COc3c(C)ccnc3Cl)cs2)c1,0.4472,SAFE,4.7545199999999985,0.597346183235,2.2992055072395683
CC(C)CN(CC(C)C)C(=O)CSc1ncccc1N,0.3054,SAFE,2.8965,0.779369775371,2.3919542569299
C[C@H]1C[C@@H](OC[C@@H]2CSc3ccccc32)CC(C)(C)C1,0.3309,SAFE,5.1073,0.734595906285,3.783980236825297
COc1ccc(F)cc1C(=O)COC(=O)c1csc(-c2ccc(C)cc2)n1,0.4244,SAFE,4.30592,0.448066156239,2.081040941595107
O=C(CCCNC(=O)N1CC(O)=Nc2ccccc21)Nc1ccc(Oc2ccccc2)cc1,0.3738,SAFE,5.0154,0.427028269741,2.470596814628889
CC[C@H](C)[C@H]1N=NC2=C1C[NH+](Cc1ccc(OC)c(Cn3cncn3)c1)CC2,0.4263,SAFE,2.2582,0.801575764076,4.841229071116764
CC(C)[C@@H](C(=O)Nc1ccc(CNS(C)(=O)=O)cc1)c1ccccc1,0.4576,SAFE,3.1141,0.7862354259540001,2.4255803940525222
Cc1ccc(NC(=O)Cc2nc(-c3cccc(Br)c3)cs2)cc1,0.4249,SAFE,5.06222,0.652254673839,1.923678933812996
CC1CCN(S(=O)(=O)c2ccc3c(c2)[C@H]2C=CC[C@@H]2[C@H](c2cccnc2)N3)CC1,0.4991,SAFE,4.3287,0.734813125036,3.5128705139093928
CCC(=O)Nc1nc(-c2ccc3c(c2)NC(=O)CO3)c(C)s1,0.5124,TOXIC,2.79792,0.906260712705,2.400559337335641
C[NH+](C)CCCn1c(=O)[nH]c2sc3c(c2c1=[NH2+])CC(C)(C)OC3,0.3795,SAFE,-1.5632,0.668125518508,4.395847465281526
C[C@H]([NH2+][C@H](C)c1cccc([N-]S(C)(=O)=O)c1)c1ccc(F)cn1,0.3987,SAFE,2.5711,0.877813290588,4.773169202585675
Cc1cccc(S(=O)(=O)Nc2cc(C(=O)[O-])cnc2N2CCC[C@H](C)C2)c1,0.5079,TOXIC,1.79062,0.843705798551,3.074582878911226
C=CCCC[NH+](C)Cc1ccc(N2CCOCC2)c(F)c1,0.402,SAFE,1.6432,0.6130613982240001,3.756262845197681
COc1cc2c(cc1OC)[C@H](c1cc3cccc(C)c3[nH]c1=O)N(C(=O)N1CCOCC1)CC2,0.4771,SAFE,3.25342,0.634289350993,3.0873293655628355
O=C(NCCCc1nc(-c2ccc(Br)o2)no1)C1CC1,0.3644,SAFE,2.5509,0.8160144198989999,2.3626210585493315
C[C@@H]1CC(C(=O)Nc2c(F)cccc2F)C[C@@H](C)O1,0.4,SAFE,3.1069,0.8841104370110001,2.9936887281659423
CCC(=O)N1CCC[C@H](C(=O)NCC(=O)OC2CCCCC2)C1,0.2954,SAFE,1.6271,0.786639469446,2.652180595372481
Cc1csc([C@@H](C)NC(=O)C(=O)Nc2ccc(Br)c(C)c2)n1,0.4165,SAFE,3.33834,0.7856753698960001,2.7419633511830384
O=C(c1cc(Cl)c2c(c1)OCO2)N1CCCc2cc(F)ccc21,0.4782,SAFE,3.8008,0.772261045527,2.2759292834633453
CCCn1cnc2sc(C)c(C)c2c1=O,0.3624,SAFE,2.48484,0.7813770276459999,2.1920693289352493
Cc1cccc(NC(=O)c2cccn(Cc3ccccc3F)c2=O)c1,0.3781,SAFE,3.59642,0.771559787301,1.8912072491777268
O=C(CCSc1nnc([O-])[nH]c1=O)Nc1ccc(F)cc1,0.4842,SAFE,0.4985,0.7937308586759999,2.7657533987894047
Cc1cc(NC[C@@H]2CC[C@@H](C(=O)N(C)C)O2)n2ncnc2n1,0.444,SAFE,0.48042,0.902298306015,3.627637154044256
O=C(NCCC1CCC1)N[C@@H](CO)c1ccc(Cl)cc1,0.3051,SAFE,2.8628,0.750074714795,2.4965565036734336
CC(C)CCOc1cccc([C@H]2c3c(-c4ccccc4O)n[nH]c3C(=O)N2[C@@H]2CCS(=O)(=O)C2)c1,0.4346,SAFE,3.9395,0.496074522917,3.550203632261308
C[S@@](=O)c1c(Cl)cc(Cl)c(N)c1[N+](=O)[O-],0.339,SAFE,2.2212,0.507654816882,3.54522242454109
Cc1cc(CN[C@@H](C[NH+](C)C)C(C)C)ccc1Br,0.2941,SAFE,2.01622,0.8252268586679999,3.709080035372813
CC1=C(c2ccc(C(C)C)cc2)S(=O)(=O)N=C1N1CCC(C(=O)N2CCOCC2)CC1,0.4368,SAFE,2.8537,0.709627380002,2.62108036142733
CNC(=O)NCCn1c(C)nc2cc(C(=O)N3CCCCCC3)ccc21,0.4635,SAFE,2.28992,0.882634000442,2.2263523584865297
C[C@H](NC(=O)C(=O)Nc1cccc2ccccc12)[C@@H]1CCCO1,0.4689,SAFE,2.462,0.855108209207,2.8279146571311276
Fc1cccc(OC[C@@H]2CO2)c1,0.3234,SAFE,1.6033,0.6448925711969999,2.2778536821009516
Cn1ccs/c1=N\C(=O)Nc1ccccc1,0.4242,SAFE,2.2194,0.808346679914,2.2935588432413088
Cc1cc(N[C@@H]2CCc3c(O)cccc32)ncc1Br,0.3912,SAFE,3.95752,0.850421053997,2.9358494503413124
Fc1ccc(-c2nnc(C3CCN(Cc4[nH]cc[nH+]4)CC3)o2)cc1,0.4316,SAFE,2.3975,0.7983618418619999,3.2559025764710583
CCn1cc(NC(=O)[C@H](C)n2cccn2)cn1,0.4497,SAFE,1.2992,0.875051194001,2.7964081142983765
COCc1ccc(C[NH+]2CCC([C@@H](O)C(=O)OC)CC2)o1,0.3067,SAFE,-0.2452,0.732924203463,4.363573027727018
C[C@H](O)C[C@H](Cc1cccc(Br)c1)C(=O)[O-],0.3441,SAFE,1.1286,0.893669400584,3.4052795149780613
Cc1ccc(C)n1-c1c(C(=O)O[C@H]2CCS(=O)(=O)c3ccccc32)cnn1C,0.4204,SAFE,2.90314,0.627329161339,3.4233354676530285
N#Cc1ccsc1NC(=O)COC(=O)c1cnccn1,0.4596,SAFE,1.20528,0.857862343767,2.352061544379291
CCc1nc(N2CCN(C(=O)COc3ccccc3)CC2)c2cnn(C)c2n1,0.4427,SAFE,1.6533,0.6755828738740001,2.2986109634660803
O=c1oc2ccccc2cc1SCc1ccccc1,0.34,SAFE,4.0853,0.509567952259,1.932685207260782
C/C(=C/c1ccc(SC#N)cc1)[N+](=O)[O-],0.3577,SAFE,2.89728,0.336948276441,2.790628428372397
CCc1cc2c(N3CCN(c4[nH+]ccn4C)CC3)ncnc2s1,0.4452,SAFE,1.7329,0.739911921495,3.4681315066133287
C/C=C(\C)C(=O)N(CC)Cc1cccc(F)c1,0.3293,SAFE,3.1404,0.724173042984,2.2688562139475787
Cc1c(C(=O)[O-])c(-c2ccccc2)nn1Cc1ccccc1,0.3734,SAFE,2.27032,0.742147275784,2.1903717088351087
Cc1ccccc1Cn1cc(NS(=O)(=O)c2ccc(Br)cc2)cn1,0.3385,SAFE,3.80312,0.679842710232,2.0229389125873034
CN1CCO[C@H](c2nc3c(s2)[C@H](O)CC(C)(C)C3)C1,0.34,SAFE,2.152,0.8600738538070001,3.917385194616763
COc1ccc(S(=O)(=O)CCCC(=O)Nc2nc3c(s2)C[C@@H](C)CC3)cc1,0.3864,SAFE,3.4691,0.741718446795,2.7480717453079877
Cc1cncc(NC(=O)N2CCC[C@@H]2CN2C[C@@H](C)O[C@H](C)C2)c1,0.3591,SAFE,2.49552,0.922833058716,3.4004780861002297
CC(C)(C)CC(=O)Nc1ccc(Cl)c(C(=O)OCC2(C)COC2)c1,0.3672,SAFE,3.908,0.788028111505,2.4523734289900183
O=C(NCC1(O)CCCCC1)[C@@H]1CCCN(C(=O)NC2CCCC2)C1,0.3811,SAFE,2.162,0.7282912775470001,2.8136312301729234
C[C@H]1[NH2+]CC[C@@H]1C(=O)NC[C@@H]1CCC[NH+](C)C1,0.3073,SAFE,-2.0009,0.558514058492,5.935403895536583
Nc1cc(NC(=O)CCN2CCOCC2=O)ccc1Cl,0.4218,SAFE,1.1096,0.826068993471,2.241884201984844
C[C@@H](CC[NH+](C)C)NC(=O)N1C[C@H](C)O[C@H](c2ccc(F)cc2)C1,0.3649,SAFE,1.2202,0.8582271219769999,4.087689295479087
C[C@@H]1CN(Cc2ccc([N+](=O)[O-])o2)C[C@@H](C(N)=O)O1,0.3935,SAFE,0.2624,0.634355716914,3.511761213373044
Cc1ccc(C(N)=O)c(NCc2ccc(C(=O)[O-])o2)n1,0.4979,SAFE,0.05752,0.816493588554,2.760431879307521
O=C(C[C@@H]([NH2+]Cc1ccccc1)C(=O)[O-])Nc1cccc(Cl)c1Cl,0.4446,SAFE,1.2041,0.780766012305,3.5343987910976673
CN(CCCc1ccccc1)c1ccc(N)c(N)[nH+]1,0.5269,TOXIC,1.7341,0.863343403832,3.1155591999347743
CS[C@@H]1CC[C@@H](NC(=O)c2cc(F)ccc2F)C1,0.3213,SAFE,2.9787,0.906330461009,3.0337670094499085
CN(C[C@H](O)C1CC1)C(=O)[C@H]1CCCN(C(=O)c2cccs2)C1,0.3565,SAFE,1.8296,0.8983151813879999,3.1959624718164426
C[NH+](CCc1ccccc1)CCN1CC2(CC[NH+]([C@@H]3CCCOC3)CC2)OC1=O,0.3724,SAFE,-0.2075,0.6845217135799999,5.5058692772560445
Cc1[nH]ncc1C(=O)N[C@H]1CCN(C(=O)C2CCCCC2)C1,0.3838,SAFE,1.62912,0.898263061331,2.7276110434907306
CC(C)C(=O)Nc1ccc(C(=O)NC(C)(C)c2cccc(F)c2)cc1,0.4632,SAFE,4.0853,0.827864548278,2.0034901502037936
COC(=O)c1ccccc1NC(=O)c1ccc(Cl)cc1I,0.408,SAFE,3.9835,0.588003491697,1.843148925471958
Cc1cc(F)c(N)cc1S(=O)(=O)NCCc1ncn[nH]1,0.426,SAFE,0.35542,0.7049807051800001,2.573604466720109
CC1CC[NH+](CC(=O)NCC(=O)Nc2ccc(F)c(F)c2F)CC1,0.41,SAFE,0.4734,0.694406818584,3.436904132661347
COC[C@H](N[C@H]1CCc2cc(F)ccc21)c1ccc(F)c(F)c1,0.4014,SAFE,4.0685,0.863217141421,3.0950963031773897
C[NH2+][C@H](COC)CSc1ccccc1Br,0.3078,SAFE,1.7494,0.814178750919,3.853199925987012
COC[C@H](C)CC(=O)N(C)[C@@H]1CCC[C@@H]1C[NH3+],0.3037,SAFE,0.528,0.754149024748,4.22930784073613
CC[NH2+][C@@H](Cc1ccc2c(c1)CCC2)c1ccc(F)cn1,0.389,SAFE,2.5765,0.8966086106129999,3.6082687594473666
COc1cccc(NC(=O)C[NH+]2CCc3ccccc3C2)c1,0.4886,SAFE,1.2749,0.902815151035,3.4511372454138094
Cc1cc(NCc2ccc(N3CCO[C@H](C)C3)[nH+]c2)ccc1[N+](=O)[O-],0.4795,SAFE,2.55452,0.6650227756620001,3.705364057908569
C[C@@]1(c2ccccc2F)NC(=O)N(Cc2cccc(C#N)c2)C1=O,0.4024,SAFE,2.66458,0.8792716164740001,2.6181140609024887
CC(=O)Cn1c(=O)c2c(nc3n(-c4ccc(F)cc4)c(C)cn23)n(C)c1=O,0.4356,SAFE,1.1751200000000002,0.54959987124,2.6127428017548624
O=C(c1ccc(F)cc1)N1CC[NH+](CCCc2ccccc2)CC1,0.3531,SAFE,1.7992,0.8961645721870001,2.934917639154853
O=C(COc1ccccc1F)Nc1c(C(=O)Nc2ccccc2F)oc2ccccc12,0.3422,SAFE,4.9808,0.439975248487,2.0862782930578856
O[C@H]([C@H]1CCc2cccnc21)C1(c2ccccc2)CCC1,0.357,SAFE,3.5942,0.907766842395,3.366902306033922
CC[C@@H](NC(=O)CCCCO)c1cccs1,0.2954,SAFE,2.478,0.719894020229,2.542605392421537
O=S(=O)(/N=C1/CCCN1)c1cccc(/N=C/c2cc(Cl)ccc2O)c1,0.4717,SAFE,3.2668,0.786543627937,3.082048635959957
CCc1cccc(NC(=O)[C@H](C)Sc2nnc(-n3nc(C)cc3C)n2N)c1,0.4385,SAFE,2.47614,0.498587935324,2.858481340449689
C=CCC[C@@H](O)C1([NH+]2CCCCC2)CCCC1,0.2919,SAFE,1.6951,0.7057448064899999,4.820947046794451
CN(Cc1nc2ccccc2c(=O)[nH]1)C(=O)Cc1ccc2c(c1)OCCO2,0.4973,SAFE,1.8954,0.768003500827,2.3351283287019267
CN1CC[C@@]2(CCC1=O)C[C@@H](NC(=O)C[NH+](C)[C@@H]1CCS(=O)(=O)C1)c1ccccc1O2,0.3911,SAFE,-0.2907,0.680070009187,5.094520679729719
c1ccc2c(c1)C[C@@H](CSc1nc3ccccc3o1)S2,0.3939,SAFE,4.6369,0.629080551148,2.9968050201569505
Cc1nc2cc(NC(=O)N[C@@H]3CCC[NH+](Cc4cccnc4)C3)ccc2s1,0.4603,SAFE,2.36872,0.649222637369,4.0142753525014685
Cc1cc(F)c(C(=O)N[C@@H](C)CC(C)C)cc1S(N)(=O)=O,0.3813,SAFE,1.94592,0.874672926375,2.6964723323771693
CC[C@@H]1CC[C@](C#N)([C@H](O)c2c(C)cc(C)cc2C)C1,0.3634,SAFE,4.36534,0.8496025791859999,3.9296757833840017
Cc1nc(Oc2cccnc2)c2c(-c3ccccc3)csc2n1,0.4487,SAFE,4.8540199999999984,0.517613116944,2.244329139489672
COc1cc(Cl)c(C[NH+](C)CCCS(C)(=O)=O)cc1Cl,0.3531,SAFE,1.4514,0.8249561053829999,3.886540491855063
CC(=O)OCC1(COC(C)=O)CC[C@H]2O[C@H]2C1,0.2945,SAFE,1.0503,0.551721844051,3.692107140748632
O=C(NC[C@@H]1CN(Cc2ccccc2)CCO1)C1=NN(c2ccccc2)C(=O)CC1,0.4556,SAFE,2.1866,0.80057610006,2.7580417889722337
C[C@@H](CO)CSCC[C@@H]1CCCC[NH2+]1,0.2954,SAFE,0.8540000000000001,0.65889817862,4.88359924607321
CNc1nc2ncnc(N(C)C)c2[nH]1,0.3622,SAFE,0.4606,0.738049414575,2.9859480413134403
CC(=O)c1cccc(NC(=O)[C@@H](C)n2c(=O)cc(C)c3c(C)nn(-c4ccccc4)c32)c1,0.3296,SAFE,4.20634,0.463598166003,2.829022635268624
CC[C@H](C)[C@@H](O)CNC(=O)N[C@@H](c1cc(F)ccc1F)C1CC1,0.3576,SAFE,3.1221,0.7113700957610001,3.4264275525296735
Cc1nccn1-c1ccc(CNC(=O)N[C@@H](C)[C@@H](C)CO)cc1F,0.4481,SAFE,2.13592,0.759877896151,3.2073958000354263
CC1=CC(C)=N[C@@H]1C(=O)N1CCc2c(c(C(=O)NCc3ccccn3)nn2CCc2ccccc2)C1,0.3069,SAFE,3.1249,0.552726910968,3.441564174465501
CCCCCn1nc(C(=O)N2CC[C@H](O)C2)c2ccccc2c1=O,0.4336,SAFE,1.7935,0.854823003002,2.6054127979863004
c1cc(C[NH2+]Cc2ccc(N3CCCC3)cc2)n[nH]1,0.4578,SAFE,1.2735,0.8571218500769999,3.43830643340306
COc1ccccc1N[C@H](C)C(=O)NC(C)(C)C,0.3054,SAFE,2.4103,0.862608893271,2.29827234306512
COC(=O)[C@H](NCc1cccc(OC)c1)c1cccc(C#N)c1,0.474,SAFE,2.57078,0.828451008803,2.508478820224554
Cc1ocnc1CNC(=O)[C@@H](Cc1ccccc1)n1cnnn1,0.4363,SAFE,1.06972,0.7405546728210001,3.183981764673905
CC[C@@](C)([C@H](O)[C@@H]1CC[C@H](C)[C@H](C)C1)[NH+](C)C,0.3063,SAFE,1.7328,0.776856446743,5.0283955858682585
CCC1(CO)CC[NH+](Cc2cn(-c3ccccc3)nc2C)CC1,0.3828,SAFE,1.74812,0.889447401956,3.622350262484323
CC[NH+](CC)[C@@H]1CCN(C(=O)C(=O)Nc2c(C)cc(C)cc2C)C1,0.457,SAFE,1.07596,0.821652544772,3.8260109044951767
Cc1cc([C@@H](C)NC(=O)N[C@H]2C=C[C@@H](C(=O)[O-])C2)c(C)s1,0.4188,SAFE,1.41974,0.834016056873,4.205803608424732
Cc1csc(=O)n1CC(=O)N1CCc2sccc2[C@@H]1c1ccccc1,0.3363,SAFE,3.45402,0.693498476638,2.8645331532498477
CS[C@H](CO)[C@H](C)NC(=O)NC[C@H](C)c1ccc(F)cc1F,0.3787,SAFE,2.4799,0.718181565703,3.700834062258852
COc1cc(C)cc(C[NH+]2CCN(c3ncccc3F)CC2)c1O,0.4943,SAFE,1.14842,0.8930654014239999,3.4884015822705603
Cc1ccc(NC(=O)Nc2cc(N3CCC(C)CC3)ncn2)cc1F,0.4867,SAFE,3.80442,0.862004930569,2.217586447444249
O=C(CCCn1nc(-c2ccccc2)c2cc(Cl)ccc21)NC1CC1,0.4487,SAFE,4.4155,0.6823392502169999,2.080214697715105
O=C(C[C@@H]1C=CS(=O)(=O)C1)NN(c1ccccc1)c1ccccc1,0.3667,SAFE,2.8043,0.8433016977,3.0627412260799467
CCCNC(=O)[C@H](C)n1c([C@@H](C)Cl)nc2cnccc21,0.3607,SAFE,2.8183,0.856993744113,3.2078632669613203
CCCCNC(=O)CN1CCOC[C@@H]1CC(C)C,0.2948,SAFE,1.6496,0.71017092669,2.774725881526658
Cc1cccc(-c2noc(-c3ccccc3OCC(=O)Nc3ccc([N+](=O)[O-])cc3)n2)c1,0.3409,SAFE,4.63772,0.320060497276,2.1305528795196818
CC(C)(C)c1ccc(C2(C(=O)N3CCNC(=O)C3)CC2)cc1,0.3795,SAFE,1.9741,0.912543783667,2.4157733571867563
CC[C@@H](NC(=O)c1nc2ccccc2c(=O)[nH]1)c1nc(C)c(C)s1,0.4576,SAFE,2.87754,0.757031207864,3.0333746808795263
Cc1cc(C)c2c(c1)/C(=C1\SC(=S)N=C1[O-])C(=O)N2,0.4086,SAFE,1.75714,0.587993030235,3.485799535240494
CC[C@H]([NH2+][C@H]1CCCCC1(C)C)C(N)=O,0.3057,SAFE,0.7825,0.723917977915,4.586854471492679
CCc1cc(CNC(=O)[C@@H]2C[C@@H]2c2ccc(OC(F)(F)F)cc2)on1,0.435,SAFE,3.5555,0.840934347413,3.1395923141401316
CC(C)(C)c1ccc(C(=O)C[C@H](C(=O)[O-])[NH+]2CCCC2)cc1,0.366,SAFE,0.3541,0.816672589275,4.171237197336885
C[C@H]1C[C@H]1NC(=O)c1ccc2c(=O)n3c(nc2c1)CCCCCC3,0.4418,SAFE,2.6512,0.919721222147,2.965704088805478
COC(=O)[C@@H]1C[C@H](O)C[NH+]1Cc1cc(C)c(OC)c(C)c1,0.3713,SAFE,0.00314,0.789807694682,4.549331543647406
Cc1n[nH]c(SCC(=O)NC[C@H](C)Sc2ccccc2)n1,0.3614,SAFE,2.50222,0.7656095769169999,3.1370628451976827
COC(=O)c1cncn1C1CC1,0.3021,SAFE,1.0046,0.624223872766,2.439091211757487
Nc1ccc(OCCCN2CCCCCC2=O)cc1,0.3008,SAFE,2.4403,0.654563133278,1.9117974749930475
Cc1nn(Cc2ccccc2)c(C)c1C[NH+]1CCC[C@H](n2cccn2)C1,0.3372,SAFE,2.16474,0.7685646563390001,4.08814090288117
CCCSc1nnc(NC(=O)c2cc(-c3ccc(C)cc3)on2)s1,0.4512,SAFE,4.25592,0.50135324241,2.2887217672007214
COC(=O)c1ccc(NC(=O)c2cc(S(=O)(=O)N3CCCC3)cn2C)cc1,0.4333,SAFE,1.8485,0.789873521209,2.0840982695303296
CC(C)NC(=O)[C@H](Cl)c1cccc(C2CC2)c1,0.3064,SAFE,3.3685,0.8015712633300001,2.653107445402055
CC1CCC([NH2+]C2CCN(c3nccs3)CC2)CC1,0.3024,SAFE,2.254,0.923038941599,3.6445445479201215
COc1ccccc1CCC(=O)Nc1nc(-c2ccccn2)cs1,0.4661,SAFE,3.785,0.719814553022,1.9874451116823248
C=CCN1C(=O)S/C(=C\c2ccc(OC(C)C)c(Cl)c2)C1=O,0.3999,SAFE,4.3495,0.566842828461,2.3695595110329113
CCCn1nnnc1CSc1nnc(-c2ccccc2OC)o1,0.4254,SAFE,2.434,0.609080699916,2.3962325399083912
CC[NH+]1CCN([C@H](C)CNC(=O)c2cc(-c3ccc(C)c(C)c3)on2)CC1,0.4287,SAFE,1.29714,0.8126120464579999,3.805380449761429
CC1CC[NH+]([C@@H](CNCc2cnc(N(C)C)s2)c2cccs2)CC1,0.3521,SAFE,2.4163,0.7904596504420001,4.302654269558206
CC(=O)c1cc(CN2CCC3=NN=C(c4ccccc4F)[C@@H]3C2)cs1,0.4582,SAFE,3.7706,0.7606667012880001,3.434388922480617
CN(CC(=O)Nc1ccccc1Cl)C(=O)/C=C/c1cccc(Br)c1,0.4567,SAFE,4.2128,0.724768673603,2.038635789064644
CCc1onc(C)c1NC(=O)C[C@H](C)c1ccc(Br)cc1,0.4611,SAFE,4.44022,0.8291362055689999,2.87214589559556
O=C(/C=C/c1cccc(Cl)c1)N[C@H](c1ccc2c(c1)OCCO2)C1CC1,0.4601,SAFE,4.3919,0.761069537464,2.7775307142291736
CCn1c(-c2ccccc2)nn(C[NH+]2CCC[C@@H](C)C2)c1=S,0.3757,SAFE,2.3732900000000003,0.8773557960289999,4.2147242153700235
C[NH+]1CCC[C@H]1C(=O)N1CCN(Cc2ccc(O)cc2O)CC1,0.4696,SAFE,-0.5809,0.725778770783,4.001848965899283
OC[C@]1(O)CCC[NH+](Cc2cccc(-c3ccccn3)c2)CC1,0.4153,SAFE,1.0408,0.8012837758370001,4.149757491908291
CCCc1cc(O)nc(S[C@H](C)C(=O)N[C@H](C)c2ccccc2)n1,0.4024,SAFE,3.4927,0.58010122375,3.008185310524936
Cc1nnsc1-c1nnc2sc(C(F)(F)F)nn12,0.3938,SAFE,2.03152,0.689443352306,3.2182541952226837
CCN1CCN(C(=O)CCc2ccc(OC)cc2)CC1,0.3004,SAFE,1.7919,0.82765251354,1.6779360383064166
Cc1n[nH]cc1C[NH+]1CCC(c2cnn(C)c2)CC1,0.3526,SAFE,0.41412,0.857889580616,4.4380609714965455
COCCN1C(=O)c2ccccc2N[C@@H]1c1ccccc1Cl,0.4348,SAFE,3.5529,0.915149737959,2.607817636897326
Cc1ccc(-c2noc(CSc3nc(C4CC4)n(-c4ccccc4)n3)n2)cc1,0.3307,SAFE,4.79542,0.422054123395,2.3305120474769225
Cc1ccccc1Cn1cccc(C(=O)Nc2ccc(F)cc2)c1=O,0.3738,SAFE,3.59642,0.771559787301,1.847599665212396
C[C@H]1Cc2ccccc2N1C(=O)CN1C(=O)N[C@]2(CCCCc3ccccc32)C1=O,0.4821,SAFE,3.1379,0.7729875982459999,3.5623331880099984
C[C@H]1C[C@H]1C(=O)Nc1ccc(F)cc1C(=O)N[C@H]1CCC[C@H]1C,0.385,SAFE,3.3386,0.877932491392,3.1465443943621665
COc1cc(Cl)c(C)cc1NC(=O)CCCn1ccnn1,0.3958,SAFE,2.66742,0.887021448592,2.267575823822
COc1cccc([C@H](O)CNC(=O)NCc2cccc([N+]3=CCCC3)c2)c1,0.4609,SAFE,2.7366,0.654773944894,3.314982287195249
Cc1nnc(NCCC(=O)N2C[C@H](C)O[C@@H](C)C2)c(C#N)c1C,0.4804,SAFE,1.4029200000000002,0.911873520795,3.3541648069812786
CCCC[NH+]1Cc2cccc(N[C@@H](C)C(=O)Nc3cccc(C#N)c3)c2C1,0.4565,SAFE,2.69598,0.705277029797,3.960174971869443
O=C(c1cncc(Br)c1)N1CCN(c2cccc[nH+]2)CC1,0.433,SAFE,1.6206,0.836037734367,3.1892108335469223
COc1ccc(OC)c(-c2csc(=O)[nH]2)c1,0.448,SAFE,2.1206,0.8925880689799999,2.350173090732948
CC(C)Oc1ccc(CNC(=O)N2CC[C@@H](C)[C@H](O)C2)cc1,0.3952,SAFE,2.3861,0.89807033836,2.8399280705312595
C[C@@H]1CCN(C(=O)[C@@H]2CSC(=O)N2)c2ccccc21,0.3814,SAFE,2.3518,0.857134284901,3.4087552962132808
C[NH+](C)CC(=O)N1CCN(C(=O)CCc2nc3ccccc3n2-c2ccccc2)CC1,0.4398,SAFE,0.7734,0.651615623024,2.806175613714757
COc1ccc(-c2cc(-c3cc(OC)ccc3OC)n3ncnc3n2)cc1,0.4383,SAFE,3.4841,0.5292911361079999,2.2435626482285524
Nc1cccc(C(=O)N2CCCC2)c1,0.3218,SAFE,1.5048,0.688643290519,1.6233682779998304
Cc1ccccc1C(=O)N[C@H](C(=O)N1CCC(c2nc3ccccc3s2)CC1)C(C)C,0.4239,SAFE,4.76532,0.600456936726,2.6515426136825955
O=C(CN1CCN(c2ccccc2F)C1=O)NC[C@H]1CCCO1,0.4276,SAFE,1.3629,0.900324303989,2.6850197669701164
CC(C)N1CCO[C@H]([C@H](O)c2cc(F)ccc2F)C1,0.3153,SAFE,2.1074,0.917250755494,3.234824822840499
COc1ccc(C(=O)NCCc2ccc(S(N)(=O)=O)cc2)cc1F,0.4832,SAFE,1.4542,0.830265373829,1.805269167626383
Cc1csc([C@H]2CN(Cc3cccc(C)c3C)CCO2)n1,0.3983,SAFE,3.64186,0.842587966524,2.854638229813068
Cc1cc(N2CCC[C@@H](OC(=O)/C=C/c3nc4ccccc4s3)C2)nc(C)[nH+]1,0.4706,SAFE,3.34764,0.4912145575899999,3.760758478829884
CCN(CC)C(=O)N1CCC[C@H]1c1nc(-c2ccncc2)n[nH]1,0.4381,SAFE,2.4654,0.939462317753,3.0055896970400457
COC(=O)[C@@H]1CCC[NH+]1CCCc1nc2ccccc2o1,0.3862,SAFE,0.9807,0.845720039349,4.27949776631135
Cc1ccc(O)c(-n2cc3c(c2-c2cccc(Br)c2)c(=O)n(C)c(=O)n3C)c1,0.3563,SAFE,3.47142,0.507949634762,2.584621930277049
CNc1nc(C(=O)N2CC=C(c3cccc(C)c3)CC2)cs1,0.4698,SAFE,3.4227199999999995,0.924765464831,2.43491017037357
CCC[C@@H]1CCC[NH+](CCCCS)CC1,0.297,SAFE,2.1815,0.5107817231289999,4.947043407091964
Cc1n[nH]c2ncc(C(=O)Nc3ccc(Nc4ccccc4)cc3)cc12,0.3549,SAFE,4.26222,0.4958594914590001,2.127093457074997
[NH3+]Cc1cccc(-c2nnco2)c1,0.3546,SAFE,0.4785,0.7380059530509999,3.1036413694420246
CCC(CC)(CC)NC(=O)N[C@@H](C)CSC,0.2931,SAFE,3.0059,0.717206071417,3.3103383594545037
Nc1c(Nc2cccnc2)nc[nH+]c1N1CCc2ccccc21,0.5016,TOXIC,2.3107,0.776995699189,3.2000599087204407
Cc1ccc(Cl)cc1NC(=O)CSc1nnc(C)n1-c1ccccc1C,0.447,SAFE,4.57676,0.623203994448,2.011669742361448
CC(=O)N[C@H](C(=O)Nc1cc(-n2cnnn2)ccc1F)C(C)C,0.4513,SAFE,0.9006,0.8649573323049999,2.7031351515855
Cc1ccccc1CN1CCN(CC(=O)NCc2ccco2)C1=O,0.4366,SAFE,2.14202,0.8870331025020001,2.206864911013429
CSCc1cc(F)ccc1CNC(=O)C[C@@H](O)c1ccccc1,0.3576,SAFE,3.4286,0.7992139171829999,2.6334030805795834
CCC1(C)COC2(OC1)C(=O)N(CN1CCN(c3ccccc3F)CC1)c1ccccc12,0.4456,SAFE,3.5679,0.7113042355779999,3.2534271878972363
CCC[NH2+][C@]1(CO)CCC[C@H](Sc2ccc(C)c(C)c2)C1,0.3013,SAFE,3.04264,0.837761317879,4.367705383811937
Cn1cncc1[C@@H]1CC(=O)NC(=O)[C@@H]1c1cccc(Br)c1,0.4274,SAFE,2.0965,0.849202279208,3.5263403251417937
O=C(c1cscn1)N1C[C@H]2CCCC[C@H]2C1,0.2966,SAFE,2.4053,0.750073288923,3.1697739769732656
COC(=O)[C@H](NC(=O)c1cc(C(C)C)no1)c1ccc(F)c(F)c1,0.4431,SAFE,2.7203,0.843834704566,2.8956580050868923
COc1ccc2nc(CC(=O)C(F)(F)F)sc2c1,0.376,SAFE,2.9788,0.8555293514200001,2.323502396164597
C[C@H](Oc1ccc(F)cc1F)c1ccnc2ncnn12,0.4828,SAFE,2.5425,0.736012595323,2.966073117322942
Cc1ccc(NC(=O)CCc2ccccc2Cl)nc1,0.4339,SAFE,3.61472,0.901645004648,1.7963438153193891
Cc1ccc(NC(=O)C2CCN(C(=O)c3ccccc3Cl)CC2)c(C)c1,0.4809,SAFE,4.4477400000000005,0.829925066198,1.7870073609072854
C[C@@H](NC(=O)c1ccccc1NC(=O)Cn1ccc([N+](=O)[O-])n1)c1ccccc1,0.3295,SAFE,2.9210000000000003,0.468325424133,2.5958599248983703
CCOc1ccc(CNC(=O)[C@@H]2CCCN(c3[nH]c4cc(C)ccc4[nH+]3)C2)cc1,0.476,SAFE,3.22192,0.665019437214,3.408659750682342
CCc1cccc(C(=O)Nc2ccccc2NC(=O)N2CCCC2)c1O,0.4685,SAFE,3.8346,0.756676167131,2.0334005913347633
Cc1ccc([C@H]2CN(c3ccc4nnc(C)n4n3)CCO2)c(C)c1,0.4447,SAFE,2.62746,0.723174037426,3.005717145812387
C[C@H](Cc1ccc(O)cc1)N(C)C(=O)c1nc(C2CC2)n2ccccc12,0.4347,SAFE,3.6205,0.7456296336229999,2.945848682616949
CCOc1ccc(S(=O)(=O)N(C)c2ccccc2)cc1C(=O)[O-],0.5066,TOXIC,1.2739,0.8031132863689999,2.3243463663804267
C[C@H]1C[C@H](NC(=O)Cc2cccnc2)CC[NH+]1Cc1ccccc1,0.4648,SAFE,1.3763,0.882049403218,4.012284879894669
Cc1ccc(C(N)=O)cc1NCc1c(C)nn(-c2ccc(F)cc2)c1C,0.3817,SAFE,3.64766,0.7166711842319999,2.103067951002122
CCOc1ccc([C@@H]2CCCN2C(=O)N[C@H](C)c2c(C)noc2C)cc1,0.428,SAFE,4.29784,0.8305815661839999,3.084599698843677
COCCCC(=O)Nc1ccc(N2CCC(O)CC2)c(C#N)c1,0.4013,SAFE,1.88448,0.7874679228650001,2.2104893587726515
CN1C(=O)C[C@H](NC(=O)[C@](C)(N)C(F)(F)F)C1=O,0.3407,SAFE,-0.8604,0.6669311389370001,3.6327863940652927
Cc1cnc(C(=O)N2CCC([C@@H](O)c3ccccc3)CC2)cn1,0.4772,SAFE,2.37082,0.945496778421,2.64445473200508
O=C(CSc1nnc2ccc(-c3cccnc3)nn12)c1cccc([N+](=O)[O-])c1,0.3356,SAFE,3.0695,0.210144352998,2.412523783978901
Cc1cc(N[C@@H]2C[C@H]2c2ccccc2)[nH+]cc1N,0.4466,SAFE,2.35932,0.865726336814,4.062274441402572
Cn1c(SCc2ccccc2F)nnc1-c1ccccc1,0.4646,SAFE,3.9135,0.661524358821,1.836448412361552
C[NH+]1CCC(CNC(=O)N[C@@H]2CC[C@H]([NH+](C)C)C2)CC1,0.3197,SAFE,-1.7241,0.517420029736,5.331388631596685
CN/C([O-])=C(\C#N)C(=O)Cc1csc(-c2ccccc2Cl)n1,0.4544,SAFE,1.88998,0.516037588369,3.0518696371363143
CCCCNC(=O)[C@@H]1CC[C@H](C)N(C(=O)c2cnn(CC)c2)C1,0.3783,SAFE,2.06,0.8195772847280001,3.053282183354905
CCN(CC)C(=O)C1CCN(C(=O)c2c(C)cc(C)c([N+](=O)[O-])c2C)CC1,0.4616,SAFE,3.24066,0.57481553279,2.5257740387610976
CCO[C@@H]1C[C@@H]([O-])C12CCN(C(=O)c1cccs1)CC2,0.3921,SAFE,1.5082,0.8569984792190001,4.184401332359883
N#Cc1ccc([C@H]2N(Cc3ccccc3)CC[NH+]2Cc2ccccc2)cc1,0.322,SAFE,3.15778,0.752509179927,3.658610776065247
Cc1cc(C(=O)N[C@H]2C=C[C@H](C(=O)[O-])C2)ccc1F,0.4994,SAFE,0.55852,0.8247316268089999,3.6321402074558833
Cc1nn(C)c(C)c1NC(=O)CN(c1ccccc1F)C1CCCC1,0.455,SAFE,3.56374,0.880313837099,2.3754984889238955
CC(C)n1nnc2cc(S(=O)(=O)N(C)CC(=O)NCc3cccnc3)ccc21,0.419,SAFE,1.3441,0.6456386960239999,2.425840089041362
[NH3+][C@@H]1CCC[C@@H](n2ccnc2-c2cccs2)C1,0.3435,SAFE,2.3372,0.8718391543089999,3.950089857606243
CCCOc1c(Cl)cc(C[NH+]2CCN(C3CC3)C(=O)C2)cc1OC,0.3651,SAFE,1.5269,0.8156882974240001,3.867960903612018
CCC[NH+]1CCCN(C(=O)NCc2c(CC)nn(C)c2OC)CC1,0.383,SAFE,0.2013,0.798386407412,4.261503727951856
CCC[C@@H](C)[NH2+]Cc1coc(-c2ccc(C)cc2)n1,0.3849,SAFE,2.9020200000000003,0.8592460716179999,3.5676520144438766
C[C@@H](NC(=O)NCCc1ccn(-c2ccccc2)n1)c1ccncc1,0.3237,SAFE,2.8702,0.7218824404719999,2.6347469309105427
COC(=O)[C@H](CC1=c2ccccc2=[NH+]C1)NC(=O)c1cnccn1,0.4493,SAFE,-2.2972,0.639410881016,3.7808188180531914
COc1ccc(NC(=O)CSc2ccc(C(C)=O)cc2F)cc1C,0.4725,SAFE,4.07612,0.608551518694,1.9514635732207868
Cc1cc(C(=O)NCCCn2nc(C)cc2C)c2c(C)nn(C)c2n1,0.4402,SAFE,2.21858,0.7244826704359999,2.3864164535679464
Cc1nc2ccccc2c(=O)n1NC(=O)c1ccc([N+](=O)[O-])cc1,0.3802,SAFE,1.99702,0.5884601257450001,2.075416960132383
CC[C@@H](NC(=O)N1CCC(OCc2ccccc2F)CC1)c1c(C)noc1C,0.4259,SAFE,4.2724400000000005,0.768360036462,3.021279651609285
CCS[C@H]1CCCC[NH+](Cc2nc3sc(C)c(C)c3c(=O)[nH]2)C1,0.3657,SAFE,2.2919400000000003,0.8891718339470001,4.5609268357217685
C#CCn1/c(=N/C(=O)[C@@H]2CCCCN2S(C)(=O)=O)sc2cc(Cl)ccc21,0.3777,SAFE,2.2308,0.7287121941410001,3.213547944998405
O=C([O-])[C@H]1CC=CC[C@H]1C(=O)N[C@@H]1CCCN(Cc2ccccc2)C1=O,0.4698,SAFE,0.6261,0.799026754375,3.587083864150612
Cc1ccc(N[C@@H]2CC(=O)N(c3cccc(O)c3)C2=O)c(C)c1,0.5097,TOXIC,2.75304,0.85072470716,2.5761471708162684
COCCN1C(=O)c2ccc(C(=O)N[C@@H](C)c3ccccc3)cc2C1=O,0.3956,SAFE,2.42,0.8103613112549999,2.36245331907638
CC(=O)c1sc(NC(=O)c2ccccc2NS(=O)(=O)c2ccc(C)cc2)nc1C,0.4321,SAFE,4.01564,0.555486015859,2.088518575367379
C[C@@H]1CCc2c(sc3nc(CSc4n[nH]c(N)n4)[nH]c(=O)c23)C1,0.394,SAFE,2.102,0.627263520161,3.2476246620750113
CCOC[C@@H]1CCC[NH+](CC(=O)N2CCCC2)C1,0.297,SAFE,-0.0598,0.7690405594059999,4.352796039035708
Cn1c(=O)c2sccc2n2c(C[NH+](C)CCCc3ccccc3)nnc12,0.4173,SAFE,1.2902,0.564368067235,3.755126406536865
CC(=O)Nc1cc(NC(=O)N(C)CC(C)(C)O)c(F)cc1F,0.4904,SAFE,2.1578,0.798842005986,2.490335502935745
Cc1nnnn1CC(=O)N1CC[C@](C)(O)[C@H](C)C1,0.3069,SAFE,-0.3990800000000001,0.8038881481290001,3.5365029403761263
CCn1c(C[NH+]2CCC(Cc3cccnc3)CC2)nc2c(F)cccc21,0.4247,SAFE,2.6279,0.762845517863,3.469603780961637
COc1ccc(-c2nc(C(=O)N[C@H](C)c3ccc(F)c(F)c3)cs2)cc1,0.3559,SAFE,4.5879,0.679375769452,2.4612939934704805
COc1ccc([C@H](NC(=O)NC2CCOCC2)C2CCOCC2)cc1,0.4566,SAFE,2.6411,0.8553407888510001,2.7681498813847263
CC(C)c1ccc(C(=O)N[C@@H]2CC[NH2+]C[C@H]2C)cc1,0.3073,SAFE,1.5116,0.859155491998,3.7245239464309865
CC[C@@H](NC(=O)C(=O)Nc1ccc(OC)cc1)c1c(C)nn(C)c1C,0.4756,SAFE,2.2515400000000003,0.816709507067,2.7096590582272224
CCN(CC)C(=O)c1ccccc1NC(=O)C(Cl)(Cl)Cl,0.3753,SAFE,3.4773,0.836474785229,2.1665062162912925
Cc1cc(C)n(-c2cncc(NC[C@@H](C)CN3CCOCC3)n2)n1,0.4413,SAFE,1.65934,0.875908959736,3.090355272902689
COc1ccc(C(=O)N2C[C@@H](C(C)C)Nc3ccccc32)nn1,0.5043,TOXIC,2.5821,0.940960777161,3.062770181171299
COc1ccc(-c2nc(CNC(=O)c3ccccc3Cl)no2)cc1,0.4616,SAFE,3.3286,0.754598504674,1.9127465163645996
C/C=C/C(=O)N1Cc2nn(-c3cccc(C)c3)c(-n3cccc3)c2C1,0.351,SAFE,3.38972,0.6765694235780001,2.8552743130997205
C[NH+](CC(=O)Nc1ccccc1C(F)(F)F)Cc1ccc(Br)cc1,0.4067,SAFE,3.1213,0.7817808950599999,3.3724204902939916
C[C@@H](NC(=O)Cc1cccc(F)c1F)c1nc(-c2cccnc2)cs1,0.4298,SAFE,3.9032,0.7268006107289999,2.7542249463159365
CCC[C@@]1(Cc2cccc(C(F)(F)F)c2)CCC[NH2+]1,0.3148,SAFE,3.144,0.8550978259049999,3.919134597898157
C=CCNC(=O)c1ccccc1NC(=O)CCc1c(C)nc(C)[nH]c1=O,0.4753,SAFE,1.87384,0.6645807206009999,2.422787181771353
Cc1cc(C)cc(N2CC[C@@H](/C([O-])=N/[C@@H](C#N)c3ccccc3C)C2=O)c1,0.4653,SAFE,2.98844,0.614626015462,3.8106507760652457
CC(C)Cc1nnc(NC(=O)c2ccc(/C=C3/SC(=S)N(C)C3=O)cc2)s1,0.4018,SAFE,3.8199,0.569537121543,2.455319192607252
Cc1ccc(F)c(O[C@H]2CC[C@]([NH2+]C(C)C)(C(=O)[O-])C2)c1,0.3867,SAFE,0.5259199999999999,0.878375629053,4.340509487290973
CC1(C)CN(C(=O)C2CCN(C(=O)Nc3ccccc3)CC2)C1(C)C,0.3974,SAFE,3.5775,0.8703550006990001,2.4966659518957077
C[C@@H](CNC(=O)Cc1cnn(-c2ccccc2)c1)c1ccccc1,0.3383,SAFE,3.3347,0.74351028933,2.4031996111731133
CCNC(=O)[C@H]1O[C@@H](n2cnc3c(N)ncnc32)[C@@H](O)[C@@H]1O,0.4241,SAFE,-1.8362,0.548849189704,3.654957486771812
C[C@@H](NC(=O)NCCC(F)(F)F)c1ccc(NC(=O)NC2CC2)cc1,0.4661,SAFE,3.2831,0.618712110532,2.596682587638988
C[C@@H](OC(=O)[C@H]1C[C@@H]1[N+](=O)[O-])c1ccccc1[N+](=O)[O-],0.4327,SAFE,1.8642,0.464839934592,3.5436911679993837
CCCCC[C@H]1C[NH+]=C(N)N1c1cccc(Cl)c1,0.3156,SAFE,1.5042,0.8013147917910001,3.613860578359237
Fc1ccccc1NC1CC[NH+](C2CCSCC2)CC1,0.3122,SAFE,2.1805,0.891991997102,3.748906668924685
O=C(CCc1cccs1)NCCCN1C(=O)[C@H]2[C@@H]3C=C[C@@H](C3)[C@@H]2C1=O,0.4248,SAFE,1.9941,0.462881595644,4.1986045179460465
O=C([O-])C1CCN(C2=NC(Cl)=NC3=NC=N[C@@H]32)CC1,0.3982,SAFE,-0.7358,0.618999050818,4.398877655469517
CC[C@H](CCCl)C[NH2+]Cc1ccc(Cl)s1,0.2995,SAFE,3.12,0.721402108198,4.319330695217781
CCCOC[C@@H]([NH3+])CSc1cccc(Br)c1,0.3128,SAFE,2.5783,0.619321586059,3.509876161652307
CNC(=O)c1cccc(NC(=O)N[C@@H](C)c2ccc(C)c(F)c2)c1C,0.5137,TOXIC,3.68484,0.770658480818,2.4157683342453207
N/C(N[C@H]1CCOc2ccccc21)=[NH+]\Cc1ccc(Cn2cncn2)cc1,0.3592,SAFE,0.3351,0.45918086823,3.499348840449688
O=C(NC[C@@]1(O)CCc2ccccc21)[C@@H]1CC(=O)N(c2ccc(Cl)cc2)C1,0.4597,SAFE,2.6431,0.848021887658,3.104545601240072
CC(C)CN(C)C(=O)c1cc2ccccc2c(Cl)n1,0.3856,SAFE,3.6162,0.781971499339,2.2150794168972983
Cc1cc(NC(=O)[C@@H]2C[C@@H]3C=C[C@H]2C3)ncc1Br,0.3674,SAFE,3.30322,0.836992481832,4.268670001967359
COc1ccc(-c2nnc(-c3cc4ccccc4[nH]3)s2)cc1,0.4664,SAFE,4.362,0.585736233718,2.154223238843562
Cc1c(-c2[nH+]c(C)n(N)c2N)cnn1C,0.4336,SAFE,-0.38446,0.647352843012,4.032026964957764
CCOc1cc2c(cc1CNC(=O)c1ccccc1C)O[C@@H](C)C2,0.4619,SAFE,3.64712,0.888609232506,2.5252557844116392
CSc1ccc(C[NH+](CCO)Cc2ccc(C#CC(C)(C)O)s2)cc1,0.3553,SAFE,2.1698,0.514293231589,4.224887713689409
COc1ccc(C[NH+]2CC[C@H](Oc3ccccc3Cl)C2)c(O)c1,0.409,SAFE,2.2904,0.882991273045,3.940933538250009
C[C@H](NC(=O)OC(C)(C)C)C(=O)Nc1cc(F)cc(Br)c1,0.3746,SAFE,3.4399,0.8486821904199999,2.4933755025403403
COc1ccc(/C=N/Nc2ccccc2[N+](=O)[O-])cc1OC,0.5059,TOXIC,3.0580000000000003,0.497350500506,1.9526786921743504
Cc1ccc(-n2nnn(CN(CCC#N)CCC#N)c2=S)cc1C,0.4426,SAFE,2.50199,0.718385656577,2.904828441188642
CC(C)C(=O)Nc1ccc(N2CCN(C(=O)c3cccc(F)c3)CC2)c(C(=O)N2CCCC2)c1,0.43,SAFE,3.6186,0.71199159056,2.1823359001153233
O=C(NCc1cnn(-c2ccccc2)c1)N[C@H]1CCCc2ccccc21,0.3448,SAFE,3.7491,0.733822151273,2.562143948994408
O=C(/C=C/c1cccnc1)Nc1ccc(C(=O)Nc2nccs2)cc1,0.3421,SAFE,3.4423,0.676008429955,2.1063741023515643
COC(=O)c1ccc(F)c(NC(=O)c2cc(C)[nH]c2C)c1,0.5062,TOXIC,2.80954,0.8482938528120001,2.0861148754928984
C[NH+](CC1CCCC1)C[C@@H](O)COc1ccccc1F,0.3128,SAFE,1.2703,0.798744247022,3.8260650630599584
Cc1ccc(NC(=O)N[C@H]2CCOc3c(Cl)cccc32)s1,0.4168,SAFE,4.35522,0.826686672675,2.994862845197682
CC(C)c1ccccc1[C@H](N)C[NH3+],0.3329,SAFE,1.0517,0.7254585485089999,3.3830957879611523
CNS(=O)(=O)c1ccc(CNC(=O)Nc2ccccc2C)s1,0.4052,SAFE,2.28632,0.782296975019,2.1069195740846123
O=C1c2oc3ccccc3c(=O)c2[C@H](c2ccc(F)cc2)N1C[C@H](O)c1ccccc1,0.3421,SAFE,4.2109,0.520568999019,2.9657111798866658
Cc1nn(C)c(Cl)c1[C@@H](O)Cc1ccc2c(c1)CCC2,0.3582,SAFE,3.14672,0.930008438313,2.943154305871236
CCN(Cc1cnn(C)c1)C(=O)CCCc1ccc(C)s1,0.3492,SAFE,3.16142,0.776812666462,2.416433711696836
COc1ccc(F)cc1NC(=O)C(=O)N1CC[C@H](c2ccccc2)[C@@H]1C,0.4562,SAFE,3.1774,0.8472509108249999,2.9886306788226022
CC(C)c1ccc2c(c1)[C@@H]([NH2+][C@@H]1CCO[C@]3(CCSC3)C1)CCCO2,0.4147,SAFE,3.6418,0.868088694172,5.137827677596468
C[NH+](C[C@@H](O)COc1ccc(C#N)cc1)[C@@H]1CCCC[C@@H]1S(C)(=O)=O,0.3667,SAFE,0.16848,0.735047882046,4.3970491686017645
CCN(C(=O)CN1C(=O)S/C(=C/c2ccccc2)C1=O)[C@@H]1CCS(=O)(=O)C1,0.4259,SAFE,1.7585,0.694769272058,2.897245032757379
CCc1ccc(CC)c([C@H](NC)C(F)(F)C(F)F)c1,0.3049,SAFE,3.9723,0.748835764366,3.2884384759823364
Cc1cc([C@H]([NH3+])CCCC(=O)[O-])c(F)cc1F,0.3367,SAFE,0.47642,0.83347777691,4.062188114298377
O=[N+]([O-])c1cccnc1N1CCC[C@@H](c2nc3ccccc3[nH]2)C1,0.4812,SAFE,3.2501,0.580712282785,2.7673099408434414
CN(C(=O)c1cc(NC(=O)OCC(F)(F)F)ccc1O)C1CCC1,0.4754,SAFE,3.1275,0.8103942982969999,2.342817900143866
CC(C)(C)n1cc(C(=O)NCC2(C(N)=O)CCOCC2)cn1,0.4518,SAFE,0.65,0.868177978128,2.8924618187252182
COc1ccccc1[C@@H]1CCN(C(=O)/C=C/c2cn(C)c3ccccc23)C1,0.3574,SAFE,4.2162,0.627160830087,2.6993716363076743
CC(C)[C@@H](C#N)OC(=O)CCNC(=O)NC12CC3CC(CC(C3)C1)C2,0.4694,SAFE,2.73588,0.719141143867,4.430572335077742
Cc1cc(C)cc(OCC(=O)Nc2ccc(S(=O)(=O)Nc3ncccn3)cc2)c1,0.3737,SAFE,2.91174,0.612126231529,2.1075067601703807
O=C(CSc1ccccn1)N[C@@H](c1ccc(F)cc1)c1cccs1,0.3251,SAFE,4.2801,0.641526919125,2.5721523584258605
Fc1ccc(CN2CCNc3ccccc32)cc1,0.4339,SAFE,3.2578,0.855011224733,1.909234003640682
Cc1noc(-c2cc(=O)n(CC(=O)NCc3cccs3)nc2-c2cccs2)c1C,0.4376,SAFE,3.62154,0.495485510895,2.7752658483052848
C[C@H](NC(=O)CSc1nnc(-c2ccc(Br)cc2)n1C)c1ccccc1,0.4247,SAFE,4.2141,0.5706881756319999,2.41738100113146
Cc1cnc(NC(=O)c2ccn(COc3c(Cl)cccc3Cl)n2)s1,0.4016,SAFE,4.24362,0.686704080574,2.482814478198163
CC[C@@H](N[C@@H](C)Cc1cc(C)n[nH]1)c1ccc(Cl)s1,0.3423,SAFE,4.10492,0.810698858133,3.6839703905529024
CC[NH+](C)C[C@H]1CCN(CC(=O)N(C)C2CC2)C1,0.2992,SAFE,-0.5363,0.717471197216,4.171123034567648
Cc1cccn2c(=O)c3cc(C(=O)N4CCN(C)CC4)n(Cc4ccccc4)c3nc12,0.3432,SAFE,2.39352,0.515748966745,2.397091776203954
Cc1nn(C)c(C)c1CNS(=O)(=O)[C@H]1CCC[NH2+]C1,0.3562,SAFE,-0.81786,0.794673595994,4.1616798250947635
OCc1cn(-c2ccc3c(c2)OCCO3)nn1,0.4313,SAFE,0.5308,0.8351545556559999,2.363994581840556
O=C(NCCc1ccccc1)c1cccc(-c2ccc(S(=O)(=O)N3CCOCC3)s2)c1,0.3268,SAFE,3.4085,0.579357797389,2.1628560112947053
CCN(C(=O)NCc1cc(Br)cs1)[C@@H](C)c1cccc(OC)c1,0.367,SAFE,4.8119,0.726751229696,2.7943192862008845
CC1(C)CSC[C@](CO)([NH2+]C2CCCC2)C1,0.3102,SAFE,1.3866,0.795326758201,4.921805392421537
COc1ccc(/C=C/C(=O)N2CCC[C@H]2c2ccc3c(c2)OCCO3)c(OC)c1,0.4499,SAFE,3.8519,0.697201413654,2.7751701902427826
C[C@H](c1ccccc1Cl)N(C(=O)c1ccoc1)C1CC1,0.3944,SAFE,4.2988,0.8060219790950001,2.8088342509261817
CCC1(CC)CC[NH+]([C@](CC)(C[NH3+])COC)C1,0.3095,SAFE,0.1185,0.673463907095,5.6122261117868435
COCCCNC(=O)C1CCN(C(=O)NCc2ccc(C)cc2)CC1,0.3922,SAFE,2.0693200000000003,0.745228143872,1.9139656457107712
Cc1cc(=O)[nH]c(N/N=C/c2c(Cl)nc3ccccn3c2=O)n1,0.4931,SAFE,1.18562,0.431416374313,2.9245291220862586
[NH3+][C@@H]1CCC[C@H]1CCOC1CCCCC1,0.2941,SAFE,2.1364,0.7640944930670001,3.839681079884288
Cc1noc(C)c1COc1ccc(C(=O)NC[C@@H]2COc3ccccc3O2)cc1,0.3585,SAFE,3.44024,0.6752079538160001,2.6655201902427823
COCC[NH+]1CCCC[C@@H]1c1cc(CO)[nH]n1,0.305,SAFE,-0.3417,0.6832586303039999,4.9989371417506705
C[C@H]1c2ccccc2O[C@H]1C(=O)OCc1nccn1Cc1ccccc1,0.3418,SAFE,3.5393,0.646396105913,3.0987330081443267
CCN[C@]1(C(=O)OC)CCC[C@@H]([NH+]2CCCC[C@@H]2C)C1,0.3753,SAFE,0.9076,0.765112424743,5.049382779417135
CCOc1ccc([C@@H]2NC(=O)c3cc(Cl)ccc3N2)cc1OC,0.5184,TOXIC,3.6014,0.8751599838680001,2.666103435609168
Cn1ncc2c1CCC[C@H]2NC(=O)CN1CCCC1=O,0.3826,SAFE,0.5361,0.892936597227,2.934290121371525
Cc1ccc(OC[C@@H](O)C[NH+](C)C2CCC(CO)CC2)cc1,0.3019,SAFE,0.80052,0.709686937122,3.9267877743916495
COc1ccc(CNc2ncnc3c2cnn3-c2cc(Cl)ccc2C)cc1,0.3545,SAFE,4.39802,0.532765006433,2.175107618642756
Cc1ccc(S(=O)(=O)[C@H]2c3nc4ccccc4nc3N(/N=C/C3=c4ccccc4=[NH+]C3)[C@H]2N)cc1,0.3867,SAFE,0.10852,0.4089278234800001,4.410504345409547
N#Cc1cnc(Nc2nc3ccccc3o2)nc1-c1ccc(Cl)cc1,0.4647,SAFE,4.55348,0.558712985143,2.3718902245854943
N#Cc1ccc(Cl)c(NC(=O)NCCOCc2ccccc2)c1,0.497,SAFE,3.54998,0.7768519118639999,1.9465292834633436
Cc1cnc2nc(CCCCCl)[nH]c2c1,0.3299,SAFE,2.82782,0.635488987462,2.5382533334729693
CNC(=O)[C@@H]1C2=C(CCCC2)S[C@H]1NC(=O)C1=NN=C(c2cc(C)c(C)cc2O)C1,0.496,SAFE,2.93724,0.682426423101,4.231957857954427
COc1ccc(F)cc1[C@H](C)N[C@@H](C(N)=O)c1ccccc1,0.4695,SAFE,2.7115,0.858056741504,2.6933290793584974
C[C@H]1C[C@H](C)CN(C(=O)CCNS(C)(=O)=O)C1,0.2912,SAFE,0.4302,0.815681880415,2.9470560114523963
CN(C1CC1)S(=O)(=O)c1ccc(Cl)c([N+](=O)[O-])c1,0.3703,SAFE,2.0311,0.6305005801870001,2.11528678442072
C[C@@H]1CCCC[C@@H]1OCc1cnc(NN)s1,0.3024,SAFE,2.524,0.626966168133,3.4420755638230487
CCC(=O)Nc1ccc(O)c(C(=O)N2C[C@@H](c3ccc(F)cc3)C[C@H]2C)c1,0.4568,SAFE,3.898,0.775907520469,2.9483824683729374
CCOc1ccc(NCc2cccc3c2OCO3)cc1OC,0.4763,SAFE,3.4347,0.867064187518,2.0240613379559864
COc1ccccc1/C=C/CN1CCNC(=O)[C@H]1CC(=O)N1CCN(c2cnccn2)CC1,0.4722,SAFE,1.0377,0.6832687875929999,3.119845558625169
O=C(CCc1ncc(-c2ccccc2Cl)o1)Nc1nc2ccc(F)cc2s1,0.4546,SAFE,5.3151,0.47446818956,2.2432981511871346
Cc1cc(C)c2nc3c(cc2c1)CN(Cc1cccnc1)/C(=[NH+]/C[C@@H]1CCCO1)S3,0.4324,SAFE,2.97014,0.697846069665,3.8815029777834233
CC[NH2+][C@]1(C(N)=O)CCCCC1(C)C,0.2856,SAFE,0.394,0.693403483307,4.4223196233474615
CC(C)(C)c1ccc(S(=O)(=O)N2CCC(C[NH3+])CC2)cc1,0.3612,SAFE,1.6267,0.929689205137,2.5503351184078777
CCOc1ccccc1[C@@]1(O)C[C@H]1C,0.299,SAFE,2.3127,0.797137798249,2.865869934332318
C[C@@H](c1ccccn1)N(C)C(=O)[C@H]1CCCN(C(=O)NC2CCCC2)C1,0.4158,SAFE,2.9652,0.891151221516,3.0686227444393257
CCC[C@H](C#N)NC(=O)c1c(C)oc(C)c1Br,0.3044,SAFE,3.08102,0.91744439271,3.1939665758368383
CC(=O)c1ccccc1-c1ccc2c(c1)C[C@@H](CNC(=O)C(C)C)O2,0.4451,SAFE,3.6319,0.825750000888,2.6298088125905075
CCCn1c(C)nnc1S[C@H](C)c1ccc(OC(F)(F)F)cc1,0.352,SAFE,4.7484199999999985,0.677273836811,2.79711537136572
CC(C)(C)OC(=O)N1CC[C@H]([S@@](=O)c2cccc(Cl)c2Cl)C1,0.3558,SAFE,4.1104,0.763539076456,3.523084990188428
COC(=O)C1=C(C)N(C(C)C)C(=O)/C1=C\c1cc(OC)ccc1OC,0.4634,SAFE,2.7848,0.602762484633,2.427447102996389
CCc1ccc([C@@H](C)C(=O)N2CCC[C@H](N3CCNC3=O)C2)cc1,0.3825,SAFE,2.3687,0.9225666323,3.0619715096199576
COc1ccc(C(=O)CSc2n[nH]c(N)n2)cc1F,0.4236,SAFE,1.5096,0.643536255504,2.2709618607959245
COc1ccccc1CNC(=O)C[S@](=O)Cc1ccc(Cl)cc1,0.3979,SAFE,2.9137,0.8269467919589999,2.5099656841298787
N#Cc1ccccc1-c1ccc(CNC(=O)[C@H]2CCOC2)cc1,0.476,SAFE,2.87798,0.937098154962,2.463698641826604
Cc1cnc(-c2cccc(NC(=O)C(=O)N[C@H]3CC[C@H]([NH+](C)C)C3)c2)o1,0.4644,SAFE,0.77032,0.717198959842,3.9733482762936263
Cc1ccc2c(c1C)NC(=O)/C2=N\NC(=O)[C@H](C)Sc1ccccn1,0.5176,TOXIC,2.65164,0.6506895631740001,3.2184107906124844
Cc1cc(F)cc([N-]S(=O)(=O)c2c[nH+]c[nH]2)c1,0.4294,SAFE,1.67042,0.912427933817,4.790331066292273
COc1ccc(-c2cc(CNC(=O)c3ccc([N+](=O)[O-])o3)no2)cc1,0.4479,SAFE,2.7814,0.53611003226,2.2886523196002617
C[C@H](Cc1ccsc1)NC(=O)NCC(=O)Nc1ccccc1,0.4789,SAFE,2.617,0.763965503715,2.4344615929412807
COc1cc(OC)cc([C@]2(O)C[C@@H]2C)c1,0.3044,SAFE,1.9312,0.829305683946,3.0245548561080646
O=C(Nc1nnc([C@@H]2CCCO2)s1)c1ccc(-c2ccccc2)s1,0.4111,SAFE,4.3704,0.721102748066,2.787027532547516
C=CCc1ccccc1OCc1nnc(NC(=O)Nc2ccc(Cl)cc2)s1,0.357,SAFE,5.143,0.5170233830100001,2.2209472636131693
O=C(N[C@@H]1CCSc2ccccc21)C1CCN(S(=O)(=O)c2ccc(Cl)cc2)CC1,0.3837,SAFE,4.0939999999999985,0.732762924488,2.6869405596324274
C[C@H]1C[NH+](CC(=O)N2CCN(Cc3ccsc3)CC2)C[C@@H](C)S1,0.3561,SAFE,0.8009999999999999,0.8810449406299999,4.4822920686587056
O=C(c1cnsn1)N1CCOc2ccc([C@H](O)CCc3ccccc3)cc2C1,0.3368,SAFE,3.2391,0.7064055322949999,2.989973279747127
CC(=O)Nc1ccc(CCNC(=O)Nc2cnc3[nH]nc(C)c3c2)cc1,0.4705,SAFE,2.58892,0.5637975655799999,2.312112441646613
N#CC1=C(N)Oc2[nH]nc(-c3ccc(Cl)cc3)c2[C@@H]1c1ccc([N+](=O)[O-])s1,0.3658,SAFE,3.917980000000001,0.489620472469,3.50147012587479
CC(C)c1cc(C(=O)NCC#Cc2ccccc2)c2cnn(C(C)C)c2n1,0.4499,SAFE,3.9171,0.69369968441,2.5658840590040146
O=C1C[C@H](c2ccsc2)[C@@H](c2cccc(F)c2)C(=O)N1,0.4337,SAFE,2.8011,0.8586780104649999,3.2219209335053014
Cc1cc(NC(=O)[C@@]2(C)Sc3ccccc3NC2=O)c2ccccc2n1,0.4967,SAFE,3.98482,0.65205431047,2.861217591568052
CC[NH+](CC)C[C@H]1CCN(Cc2nc(-c3cccc(C)c3)no2)C1,0.3788,SAFE,1.79162,0.847240660803,3.5931954066819527
CCC(=O)N1CC[NH+](Cc2ccccc2)CC1,0.3046,SAFE,0.3237,0.8173410658239999,3.438118387178076
CCN(C(=O)NC[C@]1(C)CCCO1)[C@@H](C)CC(=O)[O-],0.3121,SAFE,0.1155,0.763154008576,4.121950771326402
N#Cc1ccc([C@@H](O)C[NH+]2CCCC3(C2)OCCO3)cc1,0.3521,SAFE,0.01348,0.846145171547,4.868522905326547
CCCNC(=O)N[C@H]1CC(=O)N(CCc2ccccc2)C1,0.3626,SAFE,1.5392,0.8420177692440001,2.4462828451976826
COc1ccc(-c2cc(C(=O)N3CCC3)c3ccccc3n2)cc1OC,0.4939,SAFE,3.7649,0.699000614025,1.8533014229355944
C[C@H]1C[C@@H](C)CN(C(=O)c2ccc(NC3CC3)c([N+](=O)[O-])c2)C1,0.4476,SAFE,3.2872,0.6711122094580001,2.8997054663219366
Cc1cc(/C=C2\C(=O)NC(=O)N(c3ccc(Cl)cc3)C2=O)c(C)n1-c1ccncc1,0.3633,SAFE,3.80894,0.499721293127,2.4286993074634657
CCCOc1cccc([C@H]2c3c(-c4cc(Cl)ccc4O)n[nH]c3C(=O)N2Cc2cccnc2)c1,0.3325,SAFE,5.3649,0.3633570650370001,3.047337067580994
Cc1cc(C)nc(-n2nc(C)cc2NC(=O)c2cccc3ccccc23)n1,0.3574,SAFE,3.99306,0.5804244562449999,2.191880207592268
COc1ccc(N(C)Cc2nnnn2-c2ccccc2)cc1OC,0.4608,SAFE,2.3159,0.693830255363,2.1200715999766397
CCc1cc2c(CSc3nc4ccccc4o3)cc(=O)oc2cc1O,0.4628,SAFE,4.4945,0.411329388755,2.4666416207920268
C[C@@H](OC(=O)c1ccc2c(c1N)C(=O)c1ccccc1C2=O)C(=O)Nc1ccc(Cl)cn1,0.3918,SAFE,3.2766,0.354981461024,2.8178336983628327
CCO[C@H](C)c1nc(C[NH+](C)Cc2cnc(C)s2)cs1,0.337,SAFE,2.2204200000000003,0.854226254614,4.57571747775053
CC(C)CN1C(=O)CC(=O)N[C@@H]1SCC(=O)Nc1ccccc1C(C)C,0.3938,SAFE,2.7698,0.712307506515,3.1656968074036036
COc1cccc(CNn2c(-c3cccc(C)c3)nc3ccccc3c2=O)c1O,0.3634,SAFE,3.82982,0.5273476019810001,2.2850452736991684
CCOCC(=O)N(C)CCCNC(C)=O,0.2914,SAFE,0.0075,0.627163731762,2.127367349573147
C[C@@H](NC(=O)CCc1cccs1)c1cccc(S(N)(=O)=O)c1,0.3756,SAFE,2.2055,0.848397982454,2.5096571973368853
COc1ccc(CCN2C(=O)[C@@H]3CC(C)=C(C)C[C@H]3C2=O)cc1OC,0.4489,SAFE,2.9777,0.603144062064,3.010837187527613
O=C([C@H]1CCCN(c2nc(Cl)nc3[nH]cnc23)C1)N1CCN(c2ccc(F)cc2)CC1,0.4684,SAFE,2.7106,0.6238304395090001,3.0976006206756024
COc1ccc(NC(=O)[C@H]2C[C@H]2C)c(N2CCN(C(C)=O)CC2)n1,0.4609,SAFE,1.3532,0.910644988107,3.009733562273188
CCCN[C@@]1(C#N)CC[C@H](SC2CCCCC2)C1,0.3037,SAFE,3.86678,0.794043278215,3.8329288792723935
CCC(=O)N1CCN(C(=O)N[C@H](C)CSC)CC1,0.2963,SAFE,1.0017,0.842982733309,2.770008920773124
C[C@H](OC(=O)[C@@H]1CCCN1C(=O)c1ccccn1)c1ccccc1N(C)C,0.4511,SAFE,3.0566,0.7514599248010001,3.105498104000469
FC(F)(c1ccccc1)c1ccccn1,0.3459,SAFE,3.2217,0.721751320949,2.1195617413441674
C[C@H]1CN(C2CC[NH+](CC(=O)N[C@@H](C)C(=O)N3CCCCC3)CC2)CCO1,0.3521,SAFE,-0.7284,0.688628583115,4.223723023817494
Cc1ccnc(NNC(=O)Nc2ccc(C(N)=O)c(Cl)c2)c1,0.544,TOXIC,2.2909200000000003,0.6492048119789999,2.245256270175407
Cc1ccc2ncc(C(=O)N[C@@H](C)c3nc(C4CCCCC4)no3)n2c1,0.4312,SAFE,3.56442,0.7561668476440001,3.090662406536865
C[C@@H]1CCC[C@H](NC(=O)C/C(N)=N/O)C1,0.3116,SAFE,0.8178,0.285016969031,3.2247246497290782
CN[C@@H](Cc1cccc(C)c1)C(C)(C)[NH+]1CCCC1,0.299,SAFE,1.58282,0.829994823414,4.085500055082482
Cc1c(C(=O)OCC(=O)N(C)C2(C#N)CCCCC2)oc2ccc(Br)cc12,0.4498,SAFE,4.3454,0.64198596315,2.7214921156841747
C[C@H](c1ccccc1F)N(C)C(=O)NC1CC[NH+](C[C@@H]2CCOC2)CC1,0.3536,SAFE,1.6119,0.8412094990700001,4.265250395166977
O=c1[nH]c2ccc(-c3csc(NC[C@H]4CCCO4)n3)cc2[nH]1,0.4443,SAFE,2.5706,0.68909415719,2.9118687949700206
O=c1[nH]c2ccc(S(=O)(=O)[N-]c3cc(-c4ccccc4)no3)cc2[nH]1,0.4456,SAFE,2.9053,0.577588506931,3.1671993130997187
O=C(CSc1ccc(Cl)nn1)N1CCc2cc([N+](=O)[O-])ccc21,0.4807,SAFE,2.7196,0.475921374655,2.4609449800744247
COc1cc(-n2cc(C(=O)Nc3cnn(C)c3)c3ccccc3c2=O)cc(OC)c1OC,0.3499,SAFE,3.0023,0.495983544276,2.405224819319013
C[C@H]([NH2+]C1CC[NH+](C)CC1)c1ccccc1,0.2947,SAFE,-0.0119,0.735541222,4.892716094762672
CCCN(Cc1ccccc1N)c1ccc2nnnn2n1,0.4763,SAFE,1.5181,0.721280758521,2.669728109713379
C[C@H](C(=O)N(C)Cc1ccccc1)[NH+]1CCCC1,0.3028,SAFE,0.7122,0.8470943998839999,3.8147601258705497
O=C(C[NH+]1CCC(OCc2ccccc2F)CC1)Nc1ccc(F)cc1,0.4554,SAFE,2.1674,0.830915842802,3.1094331817713527
COc1ccc2c(Cn3cc([N+](=O)[O-])ccc3=O)cc(=O)oc2c1,0.3791,SAFE,1.9198,0.413932762373,2.2900261449773893
COc1cc(C)c(C(=O)N[C@@H]2CCCc3c2cnn3C)cc1OC,0.4565,SAFE,2.5531200000000003,0.934228710206,2.741999939203291
O=C(C[NH+](CCc1ccccc1)[C@@H]1CCOC1)NC1CCCC1,0.3362,SAFE,0.9617,0.798046124241,3.912137980866216
COc1ccccc1NC(=O)c1sc(NC(=O)c2ccc(F)cc2)c(C#N)c1C,0.3538,SAFE,4.5805,0.616780605356,2.075700818957124
C[C@@]12C=CC(=O)C=C1CC[C@@H]1[C@@H]3CC[C@](O)(C(=O)COP(=O)([O-])[O-])[C@]3(C)C[C@@H](O)[C@H]12,0.8038,TOXIC,0.4106,0.613024891149,4.948455040368059
O=C(NN=C1C2CC3CC(C2)CC1C3)[C@H]1C[C@@H]1c1ccccc1,0.4308,SAFE,3.7184,0.825613467704,4.4252043669604335
Cn1c(=O)c2[nH]c(Nc3ccccc3)nc2n(C)c1=O,0.4839,SAFE,0.7039,0.730887428256,2.2687655206661628
CCS(=O)(=O)C[C@H](C)N(C)C(=O)c1ccc(Br)cc1,0.3535,SAFE,2.3443,0.821708132701,2.7230446298284914
Cc1c(C(=O)Nc2cccc(NS(C)(=O)=O)c2)cnn1-c1ccc(Br)cc1,0.4568,SAFE,3.56702,0.60800885297,2.0980847310687896
Cn1cc(CCC(=O)N2CCC[C@H](n3cncn3)C2)cn1,0.435,SAFE,0.8079,0.8480513314920001,3.0121714076188684
Cc1ccc(OCCCOc2ccc(/C=C3\SC(=S)N(C)C3=O)cc2)cc1C,0.4564,SAFE,4.98234,0.348259271527,2.2120390928613
CCCS(=O)(=O)N1CCN(Cc2nc(-c3ccc(F)cc3)cs2)CC1,0.3755,SAFE,2.8066,0.7648030478569999,2.2296306511278883
C[NH+](C)[C@H]1CC[C@@H](NC(=O)c2ccc(C(=O)N[C@H]3CC[C@@H]([NH+](C)C)C3)s2)C1,0.386,SAFE,-0.6611,0.539878708605,5.111627198610972
Cc1ccc(C#N)c(N[C@H]2CCc3cc(N)ccc32)n1,0.5159,TOXIC,2.9433,0.8102106541959999,2.9058520646913637
CC[C@H]([NH2+][C@H](C)c1c(C)noc1C)C(=O)Nc1cc(C)on1,0.4467,SAFE,1.62956,0.852199723295,4.209551248337059
OCC#Cc1cc(F)cc(COC[C@@H]2CCOC2)c1,0.349,SAFE,1.7226,0.8481419394419999,3.07119760884947
COc1ccc(Cl)cc1CSc1ccc(N)cc1F,0.4074,SAFE,4.3622,0.644094169049,2.0335630218989724
C[C@@H](COc1ccccc1CO)C(N)=O,0.3148,SAFE,0.6791,0.761843321183,2.442591161580687
CC(=O)N1c2ccccc2CC[C@@H]1C(C)C,0.2977,SAFE,3.0103,0.700303109191,2.658928818994964
C[C@H](O)[C@H](C)n1cc(C=O)nn1,0.2998,SAFE,0.0324,0.66635460005,3.9879945487119848
C[C@H]1CCc2c(ccc3c4c(ccc23)C(=O)[C@H](C)CC4)C1=O,0.4511,SAFE,4.3698,0.6917487484579999,3.3877949704214263
Cc1ccsc1[C@H]1CC[C@H](O)[C@@H]1C,0.3043,SAFE,2.93092,0.7253998956119999,3.630461276462929
O=C(C[NH+]1CCCC1)Nc1ccccc1Br,0.3086,SAFE,1.0663,0.8664706520550001,3.6018307495958237
CC(C)[NH+]1CCCN(C(=O)NCc2ccc(Br)s2)CC1,0.3113,SAFE,1.7192,0.851898843499,4.036839745431675
Cc1ccc(NC(=O)c2nnn(-c3ccc(F)cc3)c2C)c(C)c1,0.387,SAFE,3.58396,0.781044566382,1.9483960646099965
CCc1ccc(-c2[nH+]ccn2[C@H]2CCCN(c3ncccn3)C2)cc1,0.465,SAFE,3.1631,0.725863474238,3.5854690680107617
CC1(C)[C@H]2CC[C@]1(C)[C@H](NC(=O)CCN1C(=O)COc3ccccc31)C2,0.452,SAFE,3.1331,0.889582136245,4.116437452905789
CCN(CC)S(=O)(=O)c1ccc2c(c1)CCN2Cc1nc(-c2ccc(C)cc2)no1,0.4383,SAFE,3.63822,0.558901960428,2.3666331277608155
Cc1nc(-c2ccccc2)sc1[C@H](C)NC(=O)[C@H](C)c1cccs1,0.3891,SAFE,5.16092,0.659406078536,3.0896516001176964
Cc1cccc(C)c1NC(=O)CN(C)C(=O)[C@@H](NC(=O)Nc1ccccc1)C(C)C,0.4911,SAFE,3.54664,0.636521453014,2.527501869135973
COc1cccc2c1OC[C@@H]([NH+]1CCC(CCNC(C)=O)CC1)C2,0.3885,SAFE,0.8198,0.85227936437,4.061604771230448
Cc1ccccc1-c1noc(C[NH+]2CCN(Cc3ccc4c(c3)CCO4)CC2)n1,0.4743,SAFE,1.88062,0.724363309946,3.2938144742940345
C[C@H](c1ccco1)[NH+](C)CC(=O)Nc1ccc2c(c1)C(=O)N(C)C2=O,0.4843,SAFE,0.7198,0.797994640376,3.846239863112897
CN(Cc1nccn1C(F)F)Cn1nc(-c2ccc(F)cc2)oc1=O,0.4058,SAFE,2.3235,0.6812055640379999,2.7633609065063123
CC(C)[C@@H](CO)NC(=O)Cc1ccccc1[N+](=O)[O-],0.3427,SAFE,1.2704,0.605682861971,2.5477963583352783
Cc1ccc([C@H](CO)Cc2ccncc2Cl)cc1,0.3798,SAFE,3.36202,0.898193840535,2.5863700806216805
CCCNC(=S)NNC(=O)c1ccc(C)c(OC)c1,0.3631,SAFE,1.52252,0.582301909352,1.9410134405659372
CCN(CC)C(=O)/C=C/c1ccc(C(=O)OC)cc1,0.3333,SAFE,2.3548,0.604097011687,1.9355255707434509
CCCS(=O)(=O)[C@H](C)C(=O)Nc1sc(C)c(CC)c1C#N,0.3661,SAFE,2.6424,0.8663638328159999,3.1556647333095698
COc1ccc(N2CCN(c3ncnc(Nc4ccc(Cl)cn4)c3[N+](=O)[O-])CC2)cc1,0.4638,SAFE,3.512,0.443048137198,2.37838702253066
COc1cc2ccccc2cc1C(=O)Nc1nnc([C@@H]2CCCO2)o1,0.4833,SAFE,3.3352,0.7700783546100001,2.7987328107840947
O=C(C[n+]1cccc(Br)c1)c1ccc(F)c2ccccc12,0.3528,SAFE,3.9118,0.5035468842399999,2.4377190050475552
CCOC(=O)[C@H]1CCc2sc(NC(=O)C3CCN(C(=O)c4cn(C)nc4OC)CC3)nc21,0.416,SAFE,1.969,0.657579395453,3.199954044084526
CCOC(=O)[C@@H](O)c1c(-c2ccc(Cl)cc2)nc2ccc(F)cn12,0.4865,SAFE,3.3903,0.719561433897,2.8979820287555302
COc1ccc([C@H]2[C@H](C(=O)NCCc3ncnn3C)CCC(=O)N2C)cc1,0.4353,SAFE,1.0921,0.831965339804,3.213942638413424
Cc1ccc(N2C(=O)S/C(=C/C3=c4ccccc4=[NH+]C3)C2=O)cc1,0.3681,SAFE,0.64342,0.834818594252,3.2899712655284805
O=C(CNC(=O)N[C@@H]1CCC[C@@H](C2CC2)C1)NCc1ccccc1,0.3856,SAFE,2.5708,0.748857127435,2.742391330591825
CC1(C)CN(C(=O)c2csc(-c3cccs3)n2)CCS1,0.3554,SAFE,3.8392,0.8149414954559999,2.804109317658643
CN(C)C(=O)/C(C#N)=C1/C(=O)Nc2ccccc21,0.5093,TOXIC,1.00408,0.596883090388,2.612449020968368
CCCn1nnnc1CS(=O)(=O)Cc1nc(-c2ccccc2)oc1C,0.4323,SAFE,2.16152,0.637021058018,2.5849795135330886
CC[NH2+][C@]1(C(N)=O)CC[C@H](N2Cc3ccccc3C2)C1,0.3907,SAFE,0.3621,0.851193219817,4.1646666824931575
O=C(NCCNc1ncccn1)Nc1ccc2c(c1)Cc1ccccc1-2,0.3936,SAFE,3.2814,0.476898134586,2.214427291661462
C[C@@H]1CCC[C@@](CNC(=O)C(C)(C)c2cccc(C#N)c2)([NH+](C)C)C1,0.3905,SAFE,2.04548,0.8643141204189999,4.214078403345043
CCCNC(=O)Nc1ccc(SCC)nc1,0.3073,SAFE,2.7251,0.7729488435840001,2.10431155227141
O=C([O-])C1=NN(c2cc(F)ccc2F)[C@@H](c2ccccc2)C1,0.4935,SAFE,2.0221,0.875552200207,3.099979033565173
OC[C@@H]([NH2+]Cc1ccc(Cl)c(Cl)c1)c1ccc(Cl)cc1,0.3869,SAFE,3.4438,0.846745258759,3.4284817783987083
CCC(=O)Nc1ccc([C@@H](C)NC(=O)NCC(=O)NC(C)C)cc1,0.4961,SAFE,1.9199,0.6164438523129999,2.393967117512928
CC(=O)c1cccc(S(=O)(=O)Nc2ccc3c(c2)N(C(=O)C(C)(C)C)CC3)c1,0.4455,SAFE,3.6252,0.7741821866040001,2.2893109859582097
COCC[C@H](N[C@H](C)c1nc2ccccc2n1C)c1ccc(Cl)cc1,0.3847,SAFE,4.6551,0.63866355996,2.958418260588049
C=CCOc1ccc(/C=C2\SC(=S)N(c3ccc(OC)cc3OC)C2=O)cc1,0.458,SAFE,4.6744,0.356804594595,2.3213623645263444
COc1cc([N+](=O)[O-])ccc1S(=O)(=O)Nc1[nH]nc(-c2ccc(C)o2)c1C,0.4753,SAFE,3.00414,0.48001503362,2.7873633838754444
CN(Cc1cccc(C#N)c1)C(=O)C[C@@H]1CCCCO1,0.3999,SAFE,2.47588,0.84509519616,2.635912793436301
CCc1ccc(C[C@@](C)(O)c2cc(F)cc(F)c2)s1,0.3821,SAFE,4.0389,0.8645758483079999,2.9914854463965384
Cc1cc2nc([C@@H](C)O)n(Cc3ccccc3Cl)c2cc1C,0.4281,SAFE,4.40814,0.744191470449,2.5735220144869477
O=c1c(-c2cccc(-n3cccn3)c2)cc2c(n1CC1CC1)CC[NH+](Cc1ccc(O)cc1)C2,0.3121,SAFE,2.9578,0.467437133683,3.8927093381675513
COC1CCN(c2ccc(F)cc2CN(C)c2nccc(C)n2)CC1,0.4727,SAFE,3.17572,0.8212980014129999,2.525446902482168
CN1CCO[C@H](CN(C)c2cccc(/C(N)=N/O)c2)C1,0.3982,SAFE,0.5479,0.371081982282,3.0596647454316748
c1cncc(N[C@@H]2CCC[C@H]2[C@@H]2CCCC[NH2+]2)c1,0.3041,SAFE,1.7781,0.859556160576,4.3792036191126815
COc1cc(OC)cc([C@H]2CCN(C(=O)NC[C@H]3CCO[C@H]3C(C)C)C2)c1,0.3925,SAFE,3.2638,0.814201507465,3.5812910105593296
COc1ccc(C(=O)Nc2cccc(C[NH+]3C[C@H]4CC[C@@H]3C4)c2)cc1,0.4479,SAFE,2.5147,0.8791383573899999,4.562109568428044
O=C(C[C@@H]1CSc2nc3c(c(=O)n21)CCCC3)N1CCN(C(=O)c2ccco2)CC1,0.3996,SAFE,1.7366,0.6974829083040001,3.197660392782218
O=C1C[C@H]([NH+]2CCC(c3ccc(O)cc3)CC2)C(=O)N1Cc1ccccc1,0.4417,SAFE,1.4822,0.815095020614,3.6587183818698064
CC(=O)N1CCC(NC(=O)C[NH+]2CCC[C@H]2[C@@H](C#N)c2ccccc2)CC1,0.4473,SAFE,0.46818,0.808338112253,4.332691943836578
COC1(OC)CC[C@@]2(C)[C@@H](CC[C@H]3[C@@H]2CC[C@]2(C)[C@@H](O)CC[C@H]32)C1,0.7198,TOXIC,4.3791,0.728449346498,4.308494255554064
CC(C)c1nnc([N-]S(=O)(=O)/C=C/c2ccc(Cl)cc2)s1,0.3777,SAFE,4.3208,0.776792840687,3.3801292968247427
COCCNC(=O)c1csc(COc2ccccc2Cl)n1,0.3728,SAFE,2.7517,0.7904815767990001,2.0363974665860147
C[NH+](C)[C@H](CNc1ccc(S(C)(=O)=O)cc1S(C)(=O)=O)C1CCCCC1,0.3594,SAFE,0.9989,0.719521154595,3.6589965164269738
COc1ccc([C@@H](C)NC(=O)N(C)[C@H](C)c2ccccc2)cc1OC,0.467,SAFE,4.1674,0.823800446301,2.642834511942329
Cc1cc(Br)ccc1NC(=O)CNC(=O)C1(c2ccccc2)CC1,0.4673,SAFE,3.54402,0.805204712244,2.009405938318377
N#C[C@@H](NC(=O)CNc1cccc(F)c1)c1ccc(F)cc1F,0.4871,SAFE,2.89688,0.8831535951330001,2.6878034208162696
Cc1cc(C)c(-c2csc(NC(=O)CSc3nnc(-c4ccco4)n3C)n2)cc1C,0.4373,SAFE,4.85466,0.413335788473,2.4841592816069693
Cc1cccc(OCC[NH+](C)CC(=O)N[C@H]2CCCC[C@@H]2C)c1,0.3683,SAFE,1.58342,0.808462784272,3.914322482859888
O=S(=O)(c1ccccc1Br)N1CCCC1,0.307,SAFE,2.2336,0.8394342375689999,1.7693682836390816
N#Cc1c(N)nc2c(c1-c1ccco1)CCCCCC2,0.4791,SAFE,3.45448,0.839802975308,2.498194840484276
CC(C)[NH+]1CCC(C(=O)Nc2ccc(N3CCOCC3)cc2C(N)=O)CC1,0.4976,SAFE,0.2639,0.7054425755589999,3.2252306177084664
CC1CCC([NH+](Cc2ccc3c(c2)OCO3)Cc2ccc(C(=O)N(C)C)[nH]2)CC1,0.4179,SAFE,2.609,0.784202008353,4.0630964447112055
Cc1cc(C)n(CC(=O)NNC(=O)N[C@@H]2C[C@@H](C)N(c3ccccc3)C2)n1,0.4699,SAFE,1.49774,0.7183879112,3.1862721930692937
Cc1cc(C)cc(OCC(=O)NNC(=S)NC(=O)C2CC2)c1,0.4603,SAFE,1.11414,0.579322810028,2.2082010494944484
CN(Cc1nc(-c2ccccn2)no1)C(=O)[C@@H]1Cc2ccccc2N1,0.4632,SAFE,2.1268,0.7890951677979999,2.9378107876017965
CCOc1ccc(NC[C@@H]2CCCN(S(C)(=O)=O)C2)cn1,0.3616,SAFE,1.5638,0.870688073003,2.752425178965609
Cn1nc(C2CCN(C(=O)c3ccc4[nH]cnc4c3)CC2)n(C2CC2)c1=O,0.4489,SAFE,1.8128,0.770928221002,2.7392258619379213
C[C@@H]1CCN(C(=O)NCC(=O)N2CCc3ccccc3C2)[C@H](C)C1,0.3926,SAFE,2.4013,0.905975374566,3.003453183828104
C[NH2+][C@H](C)c1cc(F)ccc1O[C@H]1CCS(=O)(=O)C1,0.3683,SAFE,0.6458,0.9006266984970001,4.0243112133730445
C[C@@H]([NH2+][C@@H](CO)c1ccc(Cl)c(F)c1)c1ccc([S@@](C)=O)cc1,0.3794,SAFE,2.5745,0.833507362485,4.26020745327409
CCC1(CC)C[C@@H]1C(=O)N1CCOc2ccc(C[NH+]3CCC(C(=O)OC)CC3)cc2C1,0.3793,SAFE,2.2018,0.7067044352449999,4.19635327801826
Cc1cccc(S(=O)(=O)[N-]c2nc3ccccc3nc2NC[C@H]2CCCO2)c1,0.4451,SAFE,3.92322,0.654540623543,3.485543094214502
O[C@@H](C[NH2+][C@H]1CCCC[C@H]1C1CCCCC1)C1CCOCC1,0.4274,SAFE,2.4764,0.818636214366,4.268997428019558
C[NH+]1CCC2(CC1)OCCN2C(=O)c1cc(=O)c2ccc(Br)cc2o1,0.3721,SAFE,1.0327,0.7766939962199999,4.181541089327854
COc1cccc([C@@H](C)NC(=O)COC(=O)c2cccc(F)c2)c1,0.4683,SAFE,2.8685,0.820538172166,2.207160214748644
COc1ccc(S(=O)(=O)Nc2ccccc2C(=O)N2CCC(c3c[nH]c4ccccc34)CC2)cc1,0.3191,SAFE,4.9971,0.38222242328,2.220860597442794
COc1cccc([C@@H](CNC(=O)Nc2ccc(Cl)cc2Cl)[NH+](C)C)c1,0.4359,SAFE,3.0093,0.710924245556,3.2690700261595453
C=CC[n+]1c(-c2ccccc2)csc1Nc1cccc(C(=O)[O-])c1,0.3697,SAFE,2.9957,0.5503250274539999,2.979470262183998
CN(C(=O)NCc1ccc(Cl)nc1)C1CCC1,0.3012,SAFE,2.4289,0.84120704104,2.1958505425606862
CCN(C[C@@H](O)c1ccc(C)cc1)C(=O)c1ncn(-c2ccccc2)n1,0.3305,SAFE,2.77142,0.737712862638,2.788096801547262
O=C(OCc1ccccc1)N1CCC[C@H]2c3ccccc3N[C@@H]2C1,0.4662,SAFE,3.9969,0.8765411994850001,2.8769881274263436
CCC[NH+]1CCCN(C(=O)Nc2ccc(C)c(C(=O)N(C)C)c2)CC1,0.4101,SAFE,1.22932,0.871002120399,3.743664006092657
CCOC(=O)NNC(=O)c1ccc(C[NH+](C)C)cc1,0.3512,SAFE,-0.278,0.679198130653,2.941073203879545
CC(=O)c1cccc(NC(=O)N2CCC[C@@H]2c2c(C)n[nH]c2C)c1,0.4715,SAFE,3.5981400000000003,0.824785319341,2.840470892130962
CCC[C@@H]1SC[C@H](C(=O)[O-])N1C(=O)CN1CCC([NH3+])CC1,0.3157,SAFE,-1.4872,0.706836803408,4.436730079221729
COc1cc(C#N)ccc1OC(=O)[C@@H]1CC(c2ccc(Cl)s2)=NO1,0.4653,SAFE,3.38038,0.6029119012049999,3.1073949246831334
CC(=O)O[C@@H](C)c1nc2ccc(C(=O)[O-])cc2[nH]1,0.5083,TOXIC,0.5505,0.8144885081700001,3.2268698312911783
Cc1nc([C@H](C)[NH2+]Cc2ccccc2)cs1,0.3061,SAFE,2.27612,0.863964843532,3.624649205130568
C[C@@H]1CCC[C@H]1[NH2+]C[C@](C)(O)c1cnn(C)c1,0.3065,SAFE,0.3796,0.8140894845119999,4.8361358988020235
C[C@@H]1C[C@@H]1C(=O)N1CCN(C(=O)c2cc3ccccc3cc2O)CC1,0.4667,SAFE,2.4858,0.914191531399,2.790574292162109
CCC[NH+]1CCN(c2ccccc2CN2CCN(CC(F)F)CC2)CC1,0.3698,SAFE,1.1842,0.7883654179780001,3.4148128740790464
O=[N+]([O-])c1ccc(CS(=O)(=O)NC2CCCCCCC2)cc1,0.3665,SAFE,3.1271,0.655935088248,2.0625791884522666
COC(=O)C1=NC2=C(C(=O)C[C@H](c3ccccc3Cl)C2)[C@H]1C,0.402,SAFE,3.3043,0.77259716334,3.426119747706542
Cc1ccc(CN2CCN(C(=O)C(=O)N3CCCC3)CC2)s1,0.3614,SAFE,1.32312,0.780523880767,2.2430969835603833
COc1ccc(/C=C2/SC(=O)N(CC(=O)Nc3ccc(F)cc3)C2=O)cc1OC,0.4717,SAFE,3.5179,0.70901292722,2.0398854343417376
CCOc1cccc(CN2CCc3nc(N4CC[NH+](CC)CC4)ncc3C2)c1,0.444,SAFE,1.1584,0.822654767915,3.307932310141087
CC(C)(CNc1c(N)ccc(F)c1F)S(C)(=O)=O,0.4848,SAFE,1.7821,0.8294545031530001,2.8558495397042893
COc1ccc(Nc2nc3ccc(C)cc3s2)cc1OC,0.5038,TOXIC,4.36552,0.744150976047,1.8564113127398616
O=C(Nc1cccc(-n2cccn2)c1)[C@H]1CCCN1C(=O)c1ccoc1,0.4647,SAFE,2.7086,0.780827421153,2.7627499692899007
Cc1cccc(-n2ccnc2S[C@H](C)C(=O)N2CCNC2=O)c1C,0.4404,SAFE,2.5215400000000003,0.864380436249,2.9423682514880216
C[C@@H](Cc1cccs1)N(C)C(=O)CSc1nnnn1C1CCCC1,0.3455,SAFE,3.0314,0.698034943266,3.047026844809042
CC(=O)N1CCN(C(=O)[C@@H](Sc2cc(C)ccc2C)C(C)C)CC1,0.3705,SAFE,3.11084,0.775108877124,2.8285744547910348
COc1ccccc1NCC(=O)NCc1ccc(C(=O)N2CCCC2)cc1,0.4549,SAFE,2.6595,0.786363656842,1.8333543642048864
Oc1ccc(-c2ccccc2)cc1C[NH+]1CCC[C@H](c2cn[nH]c2)C1,0.3573,SAFE,2.7448,0.683484659315,4.138979418387237
Cc1ccc(NC(=O)[C@H](Cc2ccccc2)NS(=O)(=O)c2cccc3nsnc23)c(C)c1,0.3364,SAFE,3.83644,0.417522887625,2.731475464202868
CCC1(CC)CN(c2ccccc2C#N)C1,0.2938,SAFE,3.18468,0.761066008238,2.4429942795441377
C/C(=C/c1ccc(F)cc1)C(=O)OCCc1c(C)n[nH]c1C,0.4681,SAFE,3.3548400000000003,0.667669779012,2.459435841423831
CC(C)[C@H](C(=O)N(C)CC(=O)Nc1cccc(Cl)c1)N1CCCC1=O,0.3948,SAFE,2.3839,0.8414673684139999,2.7866538546073123
Cc1ccccc1[C@@H](NC(=O)NCC1CCN(c2cc[nH+]cc2)CC1)C1CC1,0.4591,SAFE,3.47602,0.7896504901260001,3.5927533506247578
O=C([C@H]1CSCN1C(=O)CCCc1cc(F)ccc1F)N1CCCC1,0.3501,SAFE,2.8114,0.7972733476100001,2.8741891933365213
CCNc1cc(C)ccc1C(=O)NCc1ccnc(C)n1,0.4955,SAFE,2.4552400000000003,0.8843419350499999,2.156966175842861
CCn1cc(C[NH+](CC)CC2CCN(C3CC[NH+](C)CC3)CC2)c(C)n1,0.3522,SAFE,0.00532,0.7350811693189999,4.87684337119383
N#C[C@H]1CN(C(=O)c2ccc(F)cc2N)CCO1,0.5004,TOXIC,0.77248,0.757879804941,3.0625209584497353
Nc1ccc2c(N[C@H](Cc3ccccc3)C3CC3)ncnc2n1,0.4663,SAFE,3.0402,0.7488805686040001,2.8757064489448574
O=C(CN1C(=O)N[C@H](CC2=c3ccccc3=[NH+]C2)C1=O)NCc1cccc(Cl)c1,0.4548,SAFE,-1.1686,0.551204076546,3.6640152584276087
CC[C@@H](CO)NC(=O)N[C@H](C)c1cc2cccc(OC)c2o1,0.448,SAFE,2.5725,0.7638884779790001,3.045429962082329
COc1cccc(-c2cn[nH]c2C2CCN(Cc3[nH+]ccn3C)CC2)c1,0.4383,SAFE,2.6175,0.7654723861589999,3.2896056028239844
CCn1c(SCC2=N[C@H](C)SC2)n[nH]c1=O,0.3036,SAFE,1.2172,0.834733686535,3.9498515462676913
COc1ccc(-c2nc(COc3cccc(-n4cnnn4)c3)co2)cc1,0.4529,SAFE,2.9049,0.524223758447,2.2919297891639605
Nc1cc(-c2cccc([N+](=O)[O-])c2)no1,0.5086,TOXIC,1.832,0.599583837696,2.3070737781445767
CCc1ccc([C@@H]2C[C@H](c3cccc(C)c3)n3nc(N)nc3N2)cc1,0.3785,SAFE,3.87742,0.738424222007,3.4882864350192517
C[NH+](Cc1ccccc1NC(=O)N[C@H]1CCCC[C@@H]1CO)C1CCCCC1,0.3989,SAFE,2.7066,0.6157254962200001,4.070690091842419
COc1ccc(C(C)C)cc1S(=O)(=O)N1CC[C@@H](c2cc3nc(C)cc(O)n3n2)C1,0.4203,SAFE,3.05352,0.660517597943,3.239754675483315
Cc1n[nH]c(SCC(=O)NC2(C)Cc3ccccc3C2)n1,0.3856,SAFE,1.87892,0.851410457728,2.9921882358167853
CC[C@H]1S/C(=N\N=C\c2ccc(N(C)C)cc2)N(Cc2ccccc2)C1=O,0.442,SAFE,3.9967,0.5423899983739999,2.898683378411725
CC(C)[NH+]1CCC(CN2CCc3[nH]c[nH+]c3[C@@H]2c2[nH+]ccn2C)CC1,0.3456,SAFE,-0.3678,0.80921862384,5.908261999403693
CC(C)C[NH+]1CCC(NC(=O)c2ccnc(OC(C)(C)C)c2)CC1,0.3676,SAFE,1.692,0.868454120904,3.6318160207732335
CCc1cc(C[C@@H](O)c2ccc(Cl)cn2)n(CC)n1,0.3605,SAFE,2.7899,0.909974776436,3.0366330013814657
O=C(CN1CCN(S(=O)(=O)c2cccc(F)c2)CC1)Nc1ccc(F)cc1,0.47,SAFE,1.9098,0.844882357369,1.8619729254007744
CC(=O)O[C@@H]1CC[C@@]23C(=O)O[C@]4(CC[C@]2(O)C1)[C@H]1CC[C@@H](C(=O)[O-])[C@@]1(C)CC[C@@H]34,0.744,TOXIC,1.1013,0.693594400308,6.267249742814566
O=C(NC[C@H]1CCS(=O)(=O)C1)N(Cc1ccncc1)C1CC1,0.3469,SAFE,1.1903,0.893461494764,2.9371951625974315
COc1ccc(-c2n[nH]cc2/C=N/NC(=S)NC(C)(C)C)cc1,0.4506,SAFE,2.6818,0.45434580794,2.782073667204602
CCc1ccc2nc(SCC(=O)Nc3ccc(S(=O)(=O)N(C)C)cc3)c(C)cc2c1,0.4458,SAFE,4.08672,0.535913661023,2.254602670365625
CCc1ccc([C@@H](CO)NC(=O)NCC(C)(C)c2ccncc2)cc1,0.4669,SAFE,2.9544,0.7179221599339999,2.7742103510520457
CC[S@@](=O)[C@@H]1CCC[C@H](NC(=O)NC[C@@H](C)CCO)C1,0.3134,SAFE,1.3839,0.6718486941130001,3.942066430765784
O=C(CSc1nnc(-c2c[nH]c3ccccc23)o1)N1CCC[C@H](c2nc3ccccc3s2)C1,0.4212,SAFE,5.3259,0.334177297648,3.0222103643551543
O=C(CCCN1C(=O)NC2(CCCC2)C1=O)Nc1cnc(-c2ccccc2)s1,0.4337,SAFE,3.3934,0.7154461278190001,2.9823909574623637
CC(C)(O)CC[C@@]1(C(=O)[O-])CCc2ccccc21,0.31,SAFE,1.1716,0.879370473547,3.5637976177903936
Cc1cc(N2CCC(C)CC2)n2nc(-c3cccnc3)nc2n1,0.4494,SAFE,2.73102,0.724658975608,2.4894688200461648
CCc1c(C)sc(NC(=O)C2CCN(C(=O)c3ccc(F)cc3)CC2)c1C#N,0.4479,SAFE,4.1206,0.808548825774,2.2714714499881072
Cc1ccc([C@@H](C)[NH2+][C@H](C)CCc2ccco2)cc1,0.3328,SAFE,3.23372,0.833364232942,3.69508606544405
O=S(=O)([N-]c1cccc(-c2cn[nH]c2)c1)c1c[nH]c2ncccc12,0.4519,SAFE,3.3471,0.5838766036349999,3.439065990803206
Cc1nccn1-c1cc(CNC(=O)N2CCC[C@H](C)C2)ccn1,0.4543,SAFE,2.51722,0.945464961445,2.8066414452917936
COC(=O)N1CCc2c(sc(NC(=O)c3ccc(OC)cc3)c2C#N)C1,0.4543,SAFE,3.00518,0.8860279226960001,2.243264684405706
NNC(=O)[C@@H]1CCCN(C(=O)Cc2ccc(Cl)cc2)C1,0.3787,SAFE,1.111,0.504715887643,2.40877436081629
CCOc1ccc([C@@H]([NH3+])c2n[nH]c(-c3ccccn3)n2)cc1OCC,0.4439,SAFE,1.9954,0.688462425951,3.321277384019077
C[C@@H]1CC[C@@H](C)N(C(=O)/C=C/c2ccc(F)cc2[N+](=O)[O-])C1,0.4817,SAFE,3.3941,0.478623425219,3.153207402183212
O=C(/C=C/c1csc(-c2ccco2)n1)c1cc(F)cc(F)c1,0.3719,SAFE,4.5774,0.499414190914,2.5319057747691747
O=C(Nc1ccc2c(c1)Cc1ccccc1-2)c1csc(-c2cnccn2)n1,0.3683,SAFE,4.4236,0.488411366333,2.3415196156841738
Cn1c(SCc2ccccc2Oc2ccccc2)nnc1[C@@H]1CCS(=O)(=O)C1,0.4128,SAFE,3.8018,0.552924489341,2.8375516412230475
CCOC(=O)c1c(C)nc(N)nc1COc1ccc(OC)cc1,0.4687,SAFE,2.13152,0.818082557823,2.1006373691276803
COc1cc(C)cc2oc(=O)c(CC(=O)N3CCCC4=C[C@@H]5C[C@@H](C[NH+]6CCCC[C@@H]56)[C@H]43)c(C)c12,0.6074,TOXIC,2.96544,0.5402203856319999,5.647994300624673
CC(C)[NH2+]C[C@@H](C)[C@H](C)N(C)[C@@H](C)c1ccccc1F,0.3029,SAFE,2.8149,0.8091137538609999,4.255049078013899
N#CCOc1ccc2[nH]cc([C@H](C(=O)[O-])[NH+]3CCN([C@@H]4CCS(=O)(=O)C4)CC3)c2c1,0.4505,SAFE,-1.75112,0.5874346581800001,4.6252308831645115
COc1ccc(NC(=O)[C@@H](C)Oc2ccc(C)cc2)cn1,0.4725,SAFE,2.80462,0.911962103106,2.237709663972128
CC(C)NC(=O)C(=O)Nc1sc2c(c1C(=O)OC(C)C)CCCC2,0.4039,SAFE,2.6552,0.6420225441130001,2.361985703398302
Cc1ccc2c(c1)C(=O)N([C@@H](C)C(=O)N[C@@H]1CCC[C@H](C(F)(F)F)C1)C2=O,0.4935,SAFE,3.21682,0.8041572776129999,3.320914611579795
O=C1N[C@](Nc2nc3ccccc3s2)(C(F)(F)F)C(=O)N1C1CCCCC1,0.4622,SAFE,3.8513,0.746131737901,3.204934700773576
CCC(=O)[C@@H](C)c1ncnc(OC)c1[N+](=O)[O-],0.3339,SAFE,1.476,0.575605886348,3.3910896527599146
[NH3+][C@H]1CCC[C@H](N2CCS(=O)CC2)C1,0.3014,SAFE,-0.3962,0.6739325159020001,4.5701950153039785
Cc1csc(NC(=O)/C=C/c2ccccc2Cl)n1,0.3948,SAFE,3.75682,0.843454655108,2.061893254046213
C/C=C/c1ccc(OCC(=O)NC(C)C)c(OC)c1,0.351,SAFE,2.6317,0.855132014941,1.9746010145304356
N=C1NC(=O)/C(=C\c2ccc(OCc3cccc(Cl)c3)cc2)S1,0.4942,SAFE,4.05767,0.792032257457,2.4351034093374704
Cc1nc(NC(=O)[C@H](C)Sc2nnc3cc(C)c4ccccc4n23)sc1C,0.4487,SAFE,4.38356,0.495441781254,2.8845802473322792
CC[C@@H](C)N(C)C(=O)c1ccc(C)c(O)c1,0.3218,SAFE,2.57112,0.849876719138,2.4960229748391214
CCc1ccc([C@H](C)CC(=O)N[C@@H]2CC=CCC2)cc1,0.3005,SAFE,3.9675,0.778850615423,2.9668723505093504
CCCN(Cc1ccccc1O)C(=O)NCCc1nnc2n1CCC2,0.4276,SAFE,2.0942,0.809616206847,2.4698243130997195
COc1ccc(NC(=O)N[C@@H](C)c2nc(C)cs2)cc1OC,0.4646,SAFE,3.35142,0.8690522831049999,2.4917843095689154
O=C(c1ccoc1)N1CCN(S(=O)(=O)c2c(Cl)cccc2Cl)CC1,0.372,SAFE,2.7331,0.805517055696,2.2568243080083885
CC(C)(C(=O)Cc1ccc(Cl)s1)[NH+]1CCCC1,0.3045,SAFE,1.9704,0.894093600778,4.094223046652339
CCOC(=O)C1=C(N)N(c2ccccc2)C2=C(C(=O)CC(C)(C)C2)[C@H]1c1cccs1,0.3348,SAFE,4.7285,0.689531559625,3.0239424882729335
C=C(Cl)CCc1ccc(OC)c(OC)c1,0.3154,SAFE,3.3889,0.7513948502429999,2.0014145446950984
CN(CCN1CC[NH2+]CC1)C(=O)C[C@@H]1CCCCO1,0.2977,SAFE,-0.7170000000000001,0.749247397295,3.939298587870448
CCC[C@@H](COC)NC(=O)c1cc(C)c(C#CCCO)s1,0.3709,SAFE,2.3353200000000003,0.761034849937,3.39003263299609
O=C(NC[C@@H](O)c1ccco1)c1csc2c1CCCC2,0.3676,SAFE,2.6833,0.906311153976,2.9245522880614594
O=C(COc1cccc2c1CCC2=O)Nc1cccc(F)c1,0.499,SAFE,2.9721,0.934774127498,1.958184895648296
COc1ccc(C[NH+]2C[C@@H](C)[C@@H](C)C2)c(OC)c1OC,0.3131,SAFE,1.3831,0.893655336779,4.373408091076309
O=[N+]([O-])c1ccc(N(C[C@@H]2CCCO2)C[C@@H]2CCCO2)c(F)c1,0.3837,SAFE,2.8983,0.5896163244899999,3.2269251466416176
Cc1ccccc1[C@H](NC(=O)N[C@H]1CCCC[C@@H]1CO)C1CC1,0.3641,SAFE,3.29642,0.7668647837279999,3.2646353822681733
Cc1ccc([C@@H](N)C(C)(C)[NH+](C)C)cc1C,0.3117,SAFE,1.22634,0.79936794133,3.742499576286452
C[C@H](C(=O)[O-])N1CCCC[C@H](NC(=O)OC(C)(C)C)C1=O,0.3726,SAFE,0.0306,0.814753966821,3.434078644449603
CC(C)(C)Nc1ncnc(N2CCC(C(=O)[O-])CC2)c1N,0.4203,SAFE,0.2355,0.841039751345,2.916053337031359
CCc1nn(C)cc1NC(=O)C(=O)N1CC[C@@H](C[NH+](C)CC)C1,0.3871,SAFE,-0.6959,0.7356300316680001,4.3529164553329265
CCc1ccc(NC(=O)[C@@H](C)S(=O)(=O)Cc2nncn2C)cc1,0.4479,SAFE,1.3195,0.868010582231,2.8488582285085773
CC[C@H](NC(=O)NCc1cc(C#N)ccc1F)C(=O)N1CCOCC1,0.4712,SAFE,1.13398,0.8447440308840001,2.7786173840190784
CC(C)(C)c1ccc(C(=O)Nc2ncc(S(=O)(=O)c3ccc([N+](=O)[O-])cc3)s2)cc1,0.3318,SAFE,4.4339,0.438410788166,2.3069383854586403
Cc1cccc(COc2cccc(NC(=O)N[C@H](C(N)=O)C(C)(C)C)c2)c1,0.5096,TOXIC,3.59552,0.7079976299070001,2.5225186377469857
CCNS(=O)(=O)c1ccc(C(=O)N[C@@H]2CCC[C@H](C)[C@@H]2C)cc1,0.3691,SAFE,2.5393,0.864622543707,2.9318799807466167
CC[C@@H](CC(=O)Nc1ccc2c(c1)COC2)c1ccccc1,0.4417,SAFE,4.2392,0.8596557720799999,2.602184120413808
CCC1([C@H]([NH2+]C)c2ccc(Cl)cc2)CCCC1,0.2971,SAFE,3.5447,0.8242685108750001,3.677063883529146
Cc1cccc(CNC(=O)Nc2ccnn2C2CCCCC2)c1,0.4573,SAFE,4.01842,0.863578688301,2.123622436578886
C[C@H]1CCC[C@@H](C[NH3+])N1C(=O)NC1CCCC1,0.3112,SAFE,1.1235,0.7560861938529999,3.7033421652985496
O=C(Nc1cccc(Br)c1)c1nc(N2CCCCC2)c2oc3ccccc3c2n1,0.4949,SAFE,5.3811,0.438285172957,2.3936048310234885
CCNC(=O)CCCC(=O)Nc1cc(-c2ncco2)ccc1C,0.4544,SAFE,2.89492,0.8158416491760001,2.207632790725313
CC[C@@]1(C(C)C)NC(=O)N(Cc2ccccc2Cl)C1=O,0.3708,SAFE,3.1966,0.8541970583930001,3.0582727124646416
O=C(Nc1cc(Cl)nc(Cl)c1)N1CCOCC1,0.4015,SAFE,2.2525,0.8020911412430001,2.240261774148248
[NH-]C1=NC2=NC=N[C@H]2C(N2CCC(n3cc(-c4cccnc4)nn3)CC2)=[NH+]1,0.4598,SAFE,-0.3131,0.814782362421,4.469448455834304
COC(=O)C(C)(C)[C@H]1CCCN(C(=O)NCC[S@@](=O)C(C)(C)C)C1,0.3583,SAFE,2.1544,0.765048679275,3.7024072885469135
CCn1c(SCC(=O)N2CCC[C@H]2C(=O)NC)nc2ccccc21,0.3869,SAFE,1.8853,0.8449766673479999,2.59730058079173
Cc1c(C(=O)NCc2cccnc2-n2cccn2)oc2ccccc12,0.3494,SAFE,3.25192,0.612389176234,2.28889296431152
O=C(Nc1ccc(OCc2ccccc2)cc1)[C@H]1CC(=O)N(c2ccc(F)c(Cl)c2)C1,0.338,SAFE,5.0497,0.561618224595,2.4148174918942704
Cc1cc(SCc2ccc([N+](=O)[O-])c(NN)c2)n(C)n1,0.4374,SAFE,2.21462,0.380390998621,2.6280651660208068
O=C(/C=C/c1cn(-c2ccccc2)nc1-c1cccs1)N1CCC[C@H](c2nnc3n2CCCCC3)C1,0.3061,SAFE,5.3381,0.336775389691,3.212220640483308
CC[C@H](C)NC(=O)[C@@H](Sc1ncnc2ccsc12)C(C)C,0.3459,SAFE,3.7227,0.631583868196,3.40075129938088
COc1ccc(OC)c(CNc2nc(C)c(C(=O)[O-])s2)c1,0.4956,SAFE,1.44432,0.878069581073,2.5246995886019303
O=S(=O)(Cc1cccc(C(F)(F)F)c1)NCc1csc(-c2cccs2)n1,0.3874,SAFE,4.51,0.612816357066,2.4498170553224607
CC[C@H](CC#N)Nc1c(F)cccc1F,0.4072,SAFE,3.06898,0.81864508875,2.854112362331156
CCN(CC)c1ncc2c(n1)CC[C@@H](C(=O)NCc1ccccc1)C2,0.465,SAFE,2.7441,0.875166004446,2.7924504609421543
CC1CC[NH+]([C@@H](C)C(=O)Nc2cc(Cl)cc(Cl)c2)CC1,0.3105,SAFE,2.6352,0.880076768187,3.931294111066041
O=C(CCN1C(=O)CSc2ccccc21)Nc1cccc(C(F)(F)F)c1,0.4798,SAFE,4.1729,0.8322938370749999,2.1655991417292033
CCCc1nn(C)c2c1nc(CCl)n2[C@@H]1C[C@H]1C,0.3629,SAFE,3.042,0.788690254111,3.858321464708936
O=C(Nc1ccccc1I)N[C@@H]1CCS(=O)(=O)C1,0.3816,SAFE,1.5998,0.77264267081,2.6833634199881966
Cc1noc(C)c1S(=O)(=O)NCC(C)(C)c1ccc2c(c1)OCCO2,0.4038,SAFE,2.31874,0.87447021011,2.569089363266944
Cn1cccc(NC(=O)C2(c3ccc(Br)cc3)CCC2)c1=O,0.4226,SAFE,3.2082,0.899097797317,2.2917452991791905
CC[NH2+][C@@H](C=C(C)C)C1(N2CCOCC2)CCCC1,0.339,SAFE,1.5495,0.7729381492759999,4.355505860597722
O=S(=O)(NC[C@@]1(O)CCc2ccccc2C1)C1CCCCC1,0.3624,SAFE,2.1585,0.895179309465,3.0536308237105114
O=C(NC[C@@H](CCO)c1ccccc1)c1ccn(-c2ccccc2)n1,0.3395,SAFE,2.7683,0.693599792616,2.556041978328878
Cc1nn(C)c(NC(=O)[C@@H](C)CCOc2ccccc2)c1C,0.4732,SAFE,3.0806400000000003,0.880941772205,2.652572203642056
CN(C)C(=O)[C@H]1CSCN1C(=O)/C=C/c1cc(C(F)(F)F)ccc1Cl,0.364,SAFE,3.3617,0.726501886917,3.1705662473945075
O=C(c1ccccc1)N1CCO[C@H](CC2CCCCC2)C1,0.3066,SAFE,3.498,0.832196916494,2.4753769643043833
CC/[NH+]=C(/NC[C@@H]1CCO[C@H]1C(C)(C)C)N1CCN(c2ncccn2)CC1,0.394,SAFE,0.0959,0.590089399355,4.196104442398913
CCSC(SCC)=C1C(=O)CC(C)(C)CC1=O,0.2917,SAFE,3.6624,0.562082101763,3.2268327356867097
Cc1oc(-c2ccccc2Cl)cc1C(=O)NCCc1ccccn1,0.3528,SAFE,4.275919999999998,0.7231875848620001,2.0953411651940317
Cc1cccc2c1CCN2C(=O)C(=O)NCc1ccnc(OC2CCC2)c1,0.4678,SAFE,2.5268200000000003,0.844123279681,2.5842676201796806
O=C(NC[C@@H](O)c1ccc2c(c1)CCO2)c1cccc2ccccc12,0.3927,SAFE,3.2381,0.758305546759,2.482441135336254
COc1ccc(C2=C(O)C(=O)N(Cc3ccc(SC)cc3)[C@@H]2c2ccccc2F)cc1,0.3238,SAFE,5.609,0.499099050297,2.7051366696266523
Cc1ccc2nc(NC(=O)CCNS(=O)(=O)c3ccc4c(c3)C[C@H](C)N4C(=O)C3CC3)sc2c1,0.4317,SAFE,3.59942,0.504478387703,2.95933015524521
Cc1ccc2oc(C(=O)Nc3ccc(C)c(C)c3)cc(=O)c2c1,0.3973,SAFE,3.97056,0.7520422912420001,1.9425489075892168
CCCCNC(=O)/C(=C\c1cccs1)NC(=O)c1ccc(C)cc1,0.4494,SAFE,3.74372,0.577496302613,2.130857464623503
CS[C@H]1CCC[C@@H]1NC(=O)N(CCO)CCc1ccccc1,0.3026,SAFE,2.5171,0.8097472425839999,3.1807703692161806
CCCc1ccc(OC(=O)Cn2nc3n(c2=O)CCCCC3)cc1,0.4365,SAFE,2.3293,0.624427258039,2.313845513020119
Cc1ccc(OCCCSc2nccn2C)cc1C,0.3752,SAFE,3.5981400000000003,0.580711912998,2.0780335589091337
Cc1nc(NC(=O)c2ccccc2)sc1Cc1ccc([N+](=O)[O-])cc1,0.348,SAFE,4.20282,0.528267742523,2.0050499360683
O=C(Nc1ccn(-c2ncccc2Cl)n1)c1ccc(Cl)o1,0.463,SAFE,3.4194,0.7850682450300001,2.4991405435090925
CNC(=O)c1cc(C)ccc1NC(=O)[C@H]1C[C@H]1c1ccccc1Cl,0.4802,SAFE,3.75022,0.8627710090170001,2.7443024172987585
C[C@H]1Oc2c(ccc(Cl)c2Cl)[C@@H]1NCc1nncn1C1CC1,0.3563,SAFE,3.5316,0.904277482594,3.706024250818449
CN(CC[C@H]1CCCCO1)C(=O)c1ccc2c(c1)OCO2,0.3878,SAFE,2.4465,0.8543650587630001,2.664923488325046
Cc1cccc(C2(C(=O)Nc3ncccn3)CCC2)c1,0.4993,SAFE,2.8454200000000003,0.923297634538,2.2259716658367825
Cc1ccc(Br)cc1NC(=O)C[C@@H]1C[NH2+]CCO1,0.3257,SAFE,1.04832,0.888055383595,3.669731166594532
CC(C)(C)NC(=O)NC1=CC(=O)CCC1,0.2948,SAFE,1.721,0.6973645127060001,2.6966035034193023
O=C1Nc2ccccc2[C@@]12Oc1ccccc1[C@H]1CC(c3ccco3)=NN12,0.3067,SAFE,3.6282,0.7034984330859999,3.841966731599991
C[C@@H](c1cccc(F)c1)[C@@](C)(O)C(=O)[O-],0.3408,SAFE,0.4301,0.8049818239450001,3.50705248924416
CCC1(CC)CCN(C(=O)CS)C1,0.3073,SAFE,1.9549,0.695939515653,3.0062687609978376
C[C@H](NC(=O)NCCC[C@@H]1CCCC[C@H]1O)c1ccc(Cl)s1,0.3555,SAFE,4.093,0.654980750267,3.3391324766929684
CCc1ccc([C@@H](C)C(=O)Nc2ccc3[nH]c(=O)[nH]c3c2)cc1,0.4939,SAFE,3.1608,0.6823163330750001,2.547431246260057
CSc1ccc(C(=O)NC[C@H]2C[C@@H](O)C[NH+]2Cc2ccccc2)cc1,0.3796,SAFE,1.3566,0.6918923851540001,4.053436224169206
COc1cccc(-c2nc(S(=O)(=O)c3ccc4c(c3)OCCO4)c(NCc3cccnc3)o2)c1,0.3564,SAFE,3.9613,0.40623434588,2.567947525989449
CCOC(=O)c1nc(Cn2nc(-c3ccc(C)cc3)ccc2=O)no1,0.4178,SAFE,1.82672,0.657545086563,2.3801441939231207
Cc1ccc(C(=O)CCC(=O)Nc2cc(Cl)c(O)c(Cl)c2)cc1,0.4164,SAFE,4.60902,0.5830836505820001,1.9082606520947127
COCCNC(=O)c1ccc(-n2c(C)nc3ccccc3c2=O)cc1,0.4701,SAFE,2.07032,0.7266939228489999,1.8910473358516156
COc1ccc(-c2ccc(/C=C3/C(=N)N4C(=NC3=O)SN=C4SC(C)C)o2)c([N+](=O)[O-])c1,0.4659,SAFE,4.58167,0.276923972692,3.186365891056264
Cc1ccccc1C(=O)N1CCN(c2nc3c(S(C)(=O)=O)cccc3s2)CC1,0.4493,SAFE,2.9706200000000003,0.6513514393150001,2.2274906994825265
CCCc1nn(C)c(NCCc2ccc(F)cc2C)c1N,0.4363,SAFE,3.05692,0.849435967995,2.429705424145697
Cc1ccc([C@@H](C/[NH+]=C(/N)N[C@H]2CCOc3ccccc32)[NH+]2CCCC2)o1,0.4818,SAFE,-0.18348,0.448996295901,4.857660357370016
Cc1cccc(OCc2nc(C(=O)NC3CC3)cs2)c1C,0.3825,SAFE,3.2311400000000003,0.907806922784,2.0970193701062243
O=C(N/N=C/c1cc(Br)c(O)c(Br)c1)[C@H]1COc2ccccc2O1,0.4528,SAFE,3.2073,0.541395971133,2.921101033280417
Cc1ccc([C@@H]2[C@@H](C(=O)C(C)(C)C)N2S(=O)(=O)c2ccc(C)cc2)cc1,0.3998,SAFE,4.03284,0.735074639725,2.9892123256689067
CC(C)[C@@H](NC(=O)N1CCC(OCc2ccc(F)cc2)CC1)c1ccccn1,0.4434,SAFE,4.3086,0.772856097588,2.774550807889714
C[C@H]1CCC[NH+](C(C)(C)CNS(=O)(=O)c2cn(C)c(=O)n(C)c2=O)C1,0.3693,SAFE,-1.5443,0.6927626645300001,4.470533113340932
Cc1cc(C)cc(C2(C(=O)OCC(=O)N3CCO[C@@H]4CCCC[C@@H]43)CCC2)c1,0.4399,SAFE,3.43834,0.729735479755,3.3510163316260124
Fc1ccc([C@H](NCc2cnc(-c3cccnc3)s2)[C@@H]2CCCO2)cc1,0.3227,SAFE,4.3541,0.672035854334,3.2458800978966784
CC(C)C[NH+]1CC[C@@H](CNC(=O)N[C@H]2CCCN(C(=O)OC(C)(C)C)C2)C1,0.3586,SAFE,1.2459,0.676680818516,4.342921500766136
CC(C)(C)OC(=O)N1CCC[C@H](C(N)=S)C1,0.2991,SAFE,1.9196,0.72022381883,2.6766295682457137
CCOc1ccc([C@H]2[C@H]3[NH+]=c4ccccc4=C3CCN2C(=O)c2cccs2)cc1,0.3556,SAFE,1.6673,0.7261941497069999,3.8696700977394007
Cc1ccc(CC(=O)Nc2cc(-c3ccccc3C)nn2C)cc1O,0.5007,TOXIC,3.5907400000000003,0.746454482472,2.178730796616202
CC(=O)Nc1cccc(NS(=O)(=O)c2cccc(C(=O)[O-])c2)c1,0.5066,TOXIC,0.8093,0.8534431086640001,2.2373112015452623
C#CCN(Cc1ncc(-c2ccccc2Cl)o1)[C@@H]1CCS(=O)(=O)C1,0.3916,SAFE,2.6173,0.760681180836,3.2262193590722728
O=C(Cn1ccc([N+](=O)[O-])n1)N[C@H]1c2ccccc2C[C@H]1O,0.4422,SAFE,0.5658,0.645475337348,3.2200108513147265
NS(=O)(=O)Cc1ccc(NC(=O)Cc2ccc([N+](=O)[O-])cc2)cc1,0.4724,SAFE,1.5645,0.6085614569300001,1.9428390976963108
COc1cc(CNC(=O)c2cc(NC(=O)C(C)(C)C)ccc2F)ccn1,0.4732,SAFE,3.1439,0.847712914216,2.1623688177410165
Cc1cc(CNC(=O)[C@H]2Cc3[nH+]c[nH]c3CN2)no1,0.4561,SAFE,-0.54408,0.71946454719,4.333589217241078
COc1cccc(-c2nc3ccc(C(=O)N(C)CC[C@@H]4CCCCO4)cc3o2)c1,0.4439,SAFE,4.5346,0.587393007952,2.7918613990339907
Cc1ncccc1/N=C1/N[C@H](C)CS1,0.3096,SAFE,2.10242,0.769049448525,3.9466040412268817
CC1CC[NH+](Cc2ccc(NC(=O)c3ccc(-n4ccnc4)c([N+](=O)[O-])c3)cc2)CC1,0.3416,SAFE,2.8476,0.470185954952,3.2608521910699872
C[C@@H]1CN(C(=O)N[C@@H]2CCCCC[C@@H]2C(=O)[O-])C[C@H]1C,0.3143,SAFE,0.9826,0.777919713642,3.962858318877674
CCN(CC)C(=O)CSc1nc2c(cc1C#N)CCCCC2,0.3625,SAFE,3.18268,0.609063945221,2.4851347715788155
Cc1sc2nc(S[C@H](C(=O)NC3CC3)c3ccc(F)cc3)nc(N)c2c1C,0.4403,SAFE,4.14144,0.4761261417180001,2.931934263526612
CCCn1ccc2cc(NC(=O)[C@H]3CC(=O)N(c4ccc(OC)cc4)C3)ccc21,0.4531,SAFE,4.0515,0.664299416057,2.5939678070837715
CC[C@H](NC(=O)C(=O)Nc1ccccc1-n1cccn1)c1ccc(C)cc1,0.3576,SAFE,3.3867199999999995,0.669917621679,2.6197553064836545
O=C(Nc1cn[nH]c1)N1CCC[C@@H]1Cc1cccc(F)c1,0.4692,SAFE,2.7878,0.906462196943,2.794779982650393
COc1cc(F)cc(CNC(=O)N(CCC(F)(F)F)C2CCC2)c1,0.3817,SAFE,3.8508,0.7685075136839999,2.414390200439722
CC(C)NC(=O)N1CCN(Cc2nc3cc(C(=O)N(C)C)ccc3n2C)CC1,0.4402,SAFE,1.5107,0.8727822433560001,2.3243861660412843
O=C(NCCCF)Nc1c[nH]nc1-c1ccccn1,0.4821,SAFE,1.9528,0.724964455202,2.8176279645035383
N=C1/C(=C\c2ccc(-c3cccc([N+](=O)[O-])c3)o2)C(=O)N=C2SC(c3cccnc3)=NN12,0.3557,SAFE,3.91727,0.353356161774,2.8919513745029617
O=C1OC(c2ccc([N+](=O)[O-])cc2)=N/C1=C\c1ccc([N+](=O)[O-])cc1,0.3319,SAFE,2.8475,0.362186118777,2.275988159253565
COCCO[C@@H](C)C(=O)Nc1nc2c3c(ccc2s1)CCCC3,0.3539,SAFE,3.1651,0.8128446459890001,2.893888997739346
CCc1onc(C)c1NC(=O)Cn1c(=O)n(CC)c2ccccc21,0.4464,SAFE,2.32042,0.780135198471,2.471968739696104
C[C@H]1CCCN(c2nc3c(c(=O)[nH]2)[C@@H](c2cccc(Cl)c2)[C@@H](C#N)C(=O)N3)C1,0.5324,TOXIC,2.88338,0.8043010018979999,3.862149032168373
O=C(CCN1CCS(=O)(=O)[C@@H]2CCCC[C@@H]21)N1CCCCC1,0.3664,SAFE,1.4306,0.794379250005,3.4793483911942005
CC1(C)CC[NH2+]c2ccc(F)cc2N1,0.3203,SAFE,1.6148,0.610212016862,4.000249816461368
C[NH2+][C@@]1(C(=O)[O-])CCC[C@H]1CCOC,0.3055,SAFE,-1.4951,0.623545647112,4.983599084129889
CCOC(=O)[C@@H](CC)c1nc(CC(F)(F)F)no1,0.3066,SAFE,2.2311,0.766392200671,3.2351492661420416
C[C@H]([NH2+][C@@H]1CCCOc2c1ccc1ccccc21)c1nc(C(C)(C)C)no1,0.4447,SAFE,4.0586,0.7313372163420001,4.0185805662750385
O=C(NCCCn1ccnc1)c1sc2cc(F)ccc2c1Cl,0.4154,SAFE,3.7104,0.701133036969,2.3143299505933523
Cc1noc([C@H](C)NC(=O)c2ccccc2-c2ccc(C(F)(F)F)cc2)n1,0.3555,SAFE,4.5548199999999985,0.6942247238779999,2.632905340449687
FC(F)(F)c1ccc(N2CCC([NH2+]Cc3cccc4c3OCCCO4)CC2)nc1,0.4632,SAFE,2.9941,0.8366242078560001,3.2751149215212263
CC(=O)Nc1cc(NC(=O)c2ccc(Cl)s2)ccc1F,0.4433,SAFE,3.7513,0.880095777133,1.9282201310557736
C=CCCC[C@H](C)[NH+]1CCN(C(=O)N2CCOCC2)CC1,0.3807,SAFE,0.3839,0.601249487458,4.197285922120759
CC(C)([C@@H](O)Cc1csc2ccccc12)N1CCOCC1,0.4488,SAFE,2.9155,0.934466403616,3.124248229813067
C[C@]12CCC(=O)N1[C@@H](C(=O)Oc1ccc(Cl)cc1Br)CS2,0.3775,SAFE,3.4619,0.5606485746159999,3.3706359147654954
O/N=C1\[C@H]2CC[C@H](C2)[C@H]1[NH+]1CCN(c2cccc(Cl)c2)CC1,0.3883,SAFE,1.6736,0.64796399751,5.283800755560391
COc1ccc(S(=O)(=O)Nc2ccccc2C(=O)N2CCCC2)cc1C(=O)N1CCOCC1,0.4397,SAFE,2.2044,0.691714627254,2.176839736069152
COc1ccc(CNC(=O)c2c(N3CCCC3=O)c3cc(C)ccc3n2C)cc1OC,0.4512,SAFE,3.56072,0.644688048787,2.363681952939265
Fc1cc([C@H]2OCC[C@@H]2Nc2ncnc3[nH]cnc23)ccc1Cl,0.4639,SAFE,3.0875,0.7605458220389999,3.6248250005190847
Cc1nn(C)c2sc(C(=O)N[C@H](C)c3ccc(OC(C)C)cc3)cc12,0.4441,SAFE,4.221419999999998,0.713950782225,2.706789758601019
COc1cc(OC)cc([C@H]2CC[NH+](CCC(F)(F)F)C2)c1,0.3129,SAFE,2.0284,0.903688569247,4.271184986383532
N#Cc1ccc([C@@H](C(N)=O)N2CCC(OC[C@H]3CCCO3)CC2)cc1,0.379,SAFE,1.74468,0.8562637956829999,3.188234511942328
CC1(C)CCCC[C@H]1Nc1ccccc1[N+](=O)[O-],0.3114,SAFE,3.9755,0.627400386604,2.75618034306512
Cc1cnc(Cl)nc1NCC(C)(C)C[NH+](C)C,0.2977,SAFE,1.02102,0.785225532498,3.8169404279944015
O=C(OCCCn1c(=O)[nH]c2ccccc21)c1ccc(F)cc1Br,0.4742,SAFE,3.4783,0.521744544884,2.1655420800081178
COc1ccc(-c2ccnc3nc(CCc4ccc(OC)c(OC)c4)nn23)c(F)c1,0.4391,SAFE,3.7414,0.450594963325,2.4263817250458843
Cc1ccccc1-n1ccnc1SCC(=O)c1cc(F)ccc1F,0.342,SAFE,4.43392,0.485297557521,2.1519911750307426
C[C@H](CCO)C[NH2+]CCC(C)(C)O,0.2909,SAFE,-0.2707,0.500666152869,4.561679472511893
Cc1cc(O[C@H](C)C(=O)NCc2ccc(N3CCCC3)cc2)cc(C)c1Cl,0.4759,SAFE,4.64074,0.750960580247,2.5075622311379484
CC[C@@H]1CCCCN1C(=O)CNc1ccc(F)cc1C,0.3561,SAFE,3.33712,0.899093068877,2.477105130047061
C[C@H]1CCCN(C(=O)Nc2nn(C)cc2S(N)(=O)=O)C1,0.3766,SAFE,0.3313,0.838389447554,2.984685532977462
COc1ccc(O)c(C[NH2+][C@@H]2CCCOc3c(C)cc(Cl)cc32)c1,0.4157,SAFE,3.33992,0.874231071586,3.675472074004399
COc1cccc(/C=C(\C#N)C(=O)Nc2cccc([N+](=O)[O-])c2)c1OC,0.4893,SAFE,3.15768,0.363979334684,2.205998720232893
C[C@@H]1CN(c2ccccc2S(=O)(=O)C(F)(F)F)CC[C@@H]1[NH3+],0.3663,SAFE,1.4368,0.904603856107,3.734693929164889
CC(C)(C)OC(=O)N1CCC[C@H](C(=O)NCc2ccccc2C[NH+]2CCCC2)C1,0.3722,SAFE,2.1286,0.796118401745,3.660274559044712
Cc1cccc(N(Cc2ccccc2)S(=O)(=O)c2ccccc2C#N)c1,0.3671,SAFE,4.2622,0.653452263337,2.026292275326448
Cc1nn([C@H](C)C(=O)NCCc2ccc(S(N)(=O)=O)cc2)c(=O)c2c(C)n(-c3ccccc3)nc12,0.319,SAFE,1.7663400000000002,0.403897689621,2.9928158648744283
CC1(C)CCCC[C@H]1[NH2+][C@H]1CCOC2(CCSCC2)C1,0.3695,SAFE,2.9634,0.8398400010320001,5.2750546619703815
Cc1cc(-c2nnc(CN(Cc3ccco3)C3CCCC3)o2)c(C)o1,0.4258,SAFE,4.48424,0.6294658355889999,2.637783796766737
Cc1nc([C@@H]2C[NH+]3CCN2CC3)sc1C[NH2+]C(C)(C)C,0.3253,SAFE,-0.43138,0.824254075995,6.059070273944613
CC1(C)CCCC[C@@H]1N1C(=O)c2ccc(N)cc2C1=O,0.4316,SAFE,2.8336,0.62691550672,2.9866591460310765
Nc1ccc(C(=O)[O-])cc1O[C@@H]1CCOC2(CCC2)C1,0.3795,SAFE,1.1128,0.846863416435,3.9718884207466383
CCCNC(=O)NC(=O)C[NH+]1CCc2nn(C)c(=O)cc2C1,0.4664,SAFE,-2.0429,0.633687225475,4.209390614739155
CCC(=O)N1CCC(Nc2cc(Cl)ccc2C)CC1,0.3181,SAFE,3.46132,0.89978965183,1.9516617156580445
Cc1cc(F)ccc1S(=O)(=O)N[C@@H](Cc1c[nH]c2ccccc12)C(=O)[O-],0.466,SAFE,1.25492,0.684891974532,2.9457460219214813
CN(C)S(=O)(=O)c1cccc(CSc2ncccc2N)c1,0.4217,SAFE,2.2064,0.8561961034289999,2.1972547610157243
CC(C)N(CCc1nccs1)C(=O)Cc1cccc(O)c1,0.4757,SAFE,2.8709,0.885713149486,2.414492903352638
O=S(=O)(c1ccc2c(c1)[C@H]1C=CC[C@@H]1[C@@H](c1cccnc1)N2)N1CCOCC1,0.4785,SAFE,2.929,0.7994836204469999,3.4966658440998786
Cc1nc2c(s1)[C@H]([NH2+][C@@H](C)c1nc3ccccc3n1C(C)C)CCC2,0.3791,SAFE,4.08412,0.737783608943,4.122097783881657
O=C(NCc1ccc(COCC(F)(F)F)cc1)N1CCN(c2cc[nH+]cc2)CC1,0.4886,SAFE,2.6114,0.795776639889,3.010053244042078
CC[C@@H](C)NC(=O)c1ccc(NC(=O)c2cnoc2C)cc1O,0.468,SAFE,2.46922,0.784964837679,2.698113173563524
CC[C@H](NC(=O)[C@@H]1CC(=O)N(Cc2ccc(C)cc2)C1)c1ccc(C)cc1,0.3386,SAFE,3.91944,0.816337071907,2.7041509380085653
COc1ncnc(N)c1CN1CCC(C(=O)N2CCc3ccccc32)CC1,0.483,SAFE,1.8687,0.893725898795,2.4309809914238207
CCOC(=O)c1cnc(-c2cccnc2)nc1Cl,0.4157,SAFE,2.3687,0.628720288018,2.136678774408205
CCC[NH2+]Cc1ccn(C[C@H]2CSc3ccccc32)c1,0.3568,SAFE,2.8510000000000004,0.80479455856,4.216206610769727
Cc1nc(SCc2nnc(-c3ccc(Cl)cc3)o2)c2c3c(sc2n1)CCC3,0.4176,SAFE,5.48412,0.315552932911,2.520997821623806
Cc1ccc(Nc2scc(-c3ccc(F)cc3)[n+]2CCN2CCOCC2)cc1,0.4502,SAFE,4.22592,0.605052006585,2.5693311844375213
N#CC1(NC(=O)CCc2ccco2)CCCCC1,0.3422,SAFE,2.55488,0.885621399584,2.4165603964061173
Cc1cc2c(N[C@@H](C)C(C)(C)C[NH+](C)C)ncnc2s1,0.3558,SAFE,1.97082,0.8903377757179999,4.142854763746692
CCOC(=O)c1ccc(/[NH+]=c2\oc3c(OCC)cccc3cc2C(N)=O)cc1,0.4651,SAFE,1.4201,0.634897400629,3.057983007174835
O=C(NCCn1nc(-c2cccs2)ccc1=O)c1ccc(I)cc1,0.3412,SAFE,3.0064,0.600845070314,2.2148595598428606
CN(CC[C@H]1CCCC1=O)C1CC[NH2+]CC1,0.2966,SAFE,0.4033,0.768184898133,4.410695358976722
Cc1cc(C(=O)N[C@H](C)c2nc[nH]n2)c(C)n1-c1cccc(Br)c1,0.4683,SAFE,3.4657400000000003,0.7033380397869999,3.2319181940827413
O=C(CCc1nc2ccccc2[nH]1)Nc1ncc(Cc2ccc(Cl)cc2)s1,0.3409,SAFE,4.8349,0.4683623063970001,2.2150118430454206
CC[C@H]1CC[C@@H](N2CCO[C@H](c3nccs3)C2)C1,0.3122,SAFE,3.0951,0.829892971729,3.676914456074464
O=C1S/C(=C/c2ccc3c(c2)OCO3)C(=O)N1CN1CCCC1,0.3954,SAFE,2.5049,0.791872836634,2.3445285215387006
Cc1nc(C2(NC(=O)c3ccc4ccc(Cl)cc4n3)CCCC2)no1,0.4542,SAFE,3.77892,0.748922123589,2.607282005407411
C[C@H]1CCCC[C@@H]1[NH+]1C[C@@H]([NH3+])C[C@@H](C)C1,0.3131,SAFE,0.1003,0.634506721283,5.954828256697753
CCCCSc1nc2n(n1)[C@@H](c1sccc1C)C(C(=O)OC)=C(C)N2,0.385,SAFE,4.00212,0.448943869675,3.523920241161936
CN[C@H]1[C@@H](C[NH+](C)CC2CCCCC2)C(C)(C)OC1(C)C,0.3037,SAFE,1.873,0.815207973651,4.883944499112992
COc1ccccc1NC(=O)[C@H]1Cc2ccccc2CN1S(=O)(=O)c1ccc(F)cc1,0.3412,SAFE,3.5886,0.641693277328,2.5100742570392396
Cc1cc(NC(=O)N2CCSC(C)(C)C2)ccc1C(=O)NC(C)C,0.3794,SAFE,3.49252,0.858367841496,2.5189968276586576
C[C@@H]1[C@@H](OC(=O)c2ccc(CNC(N)=O)cc2)C[C@H]2C[C@@H]1C2(C)C,0.7158,TOXIC,3.0824,0.822309264421,4.098257764081101
CC[NH2+][C@H](Cc1ccc(O)cc1)Cc1ccc(F)cc1Cl,0.3852,SAFE,2.9218,0.838300518749,3.374532871273302
Nc1cc(CSc2ccc(C(F)(F)F)cn2)ccc1O,0.4199,SAFE,3.6805,0.501499652324,2.3436399911956336
Cc1cc(CSc2nnc(NC3CC3)s2)no1,0.3564,SAFE,2.70112,0.837379480562,2.512262814179646
COc1ccc(-n2ncc(C(=O)Nc3c[nH]nc3C)c2C(F)(F)F)nn1,0.4406,SAFE,1.97352,0.7334011158820001,3.0155371817713528
CN(Cc1nnc(C2CC2)n1C)C(=O)c1ccccc1OCC(N)=O,0.4368,SAFE,0.8288,0.814595104644,2.368029162598047
Cn1c(=O)n(C)c2cc(Cn3ccnc3[C@@H]3CCOC3)ccc21,0.4486,SAFE,1.6257,0.7447566241240001,3.063428857879206
CS(=O)(=O)c1ccc([C@@H](O)C[NH2+]C2COC2)cc1,0.3547,SAFE,-0.9143,0.762147653574,3.74124031794738
COC[C@H]1CN(C(=O)N[C@@H](c2ccccc2)c2ccco2)CCO1,0.4381,SAFE,2.4258,0.914331669329,3.0590580577776825
CN(C)C(=O)CCCC(=O)Nc1cccc(-c2nc(C3CC3)n[nH]2)c1,0.4496,SAFE,2.5461,0.807986289384,2.4041422251876323
CN(C)c1cc(C(=O)Nc2cc(C(C)(C)C)sc2C#N)ccn1,0.4845,SAFE,3.63058,0.909655283293,2.8166134702443064
O=C(NCCN1C(=O)[C@H]2[C@H]3C=C[C@H](CC3)[C@H]2C1=O)N1CCCCC1,0.4291,SAFE,1.3791,0.634014907258,4.222810667699223
COc1ncccc1Cn1ccc(C(=O)C2CC2)c1,0.3927,SAFE,2.5327,0.77079706315,2.510195097370671
CC[C@H]1CN(Cc2ccc(CC(C)C)cc2)[C@@H](CC)C[NH2+]1,0.2886,SAFE,2.8213,0.847738884749,3.880492085246095
COc1ccc2[nH]c(=O)c([C@H](c3nnnn3C[C@H]3CCCO3)N3CCCc4ccccc43)cc2c1,0.3282,SAFE,3.2444,0.452635854204,3.4212638807506828
C[C@H]1C[C@H](c2ccccc2F)N(C(=O)c2scnc2C2CC2)C1,0.3875,SAFE,4.3829,0.80093937744,3.4460387883844907
